worker,duration,output.relations_noOffset.count,job,judgment,unit,wqs,wqs_initial
44196945,203.0,1.0,1,1,1,0.0,0.0
39664721,73.0,1.0,1,2,2,6.79971146556e-06,0.00230534722989
34534543,165.0,1.0,1,1,1,6.27648712044e-05,0.00547832134891
43645733,37.0,1.0,1,3,3,0.000119110219724,0.000693415917985
43984981,31.0714285714,1.0,1,28,28,0.00117819260873,0.00270988782753
43332393,126.333333333,1.0,1,3,3,0.00213408205373,0.0102185380567
43923861,66.0,1.0,1,1,1,0.0027336521514,0.00591147063287
43971951,24.3333333333,1.0,1,9,9,0.003544246407,0.0804192413751
44022928,13.1428571429,1.0,1,7,7,0.00368703034682,0.0775929307249
44214817,21.375,2.375,1,8,8,0.00473977716719,0.0125677668897
43314753,46.5,2.0,1,2,2,0.00520542540504,0.0156702094596
44207097,244.25,1.0,1,12,12,0.00537845791913,0.0178910248818
43975211,65.3076923077,1.0,1,13,13,0.00562173482172,0.0649482330069
43883205,19.0666666667,1.0,1,15,15,0.00643686798081,0.0606836471053
42577934,40.6666666667,1.06666666667,1,15,15,0.011731749183,0.0178972254113
44208196,206.071428571,1.0,1,14,14,0.0147115827893,0.0318893371574
25496660,15.6,2.0,1,5,5,0.0157653640702,0.0352177315467
44208285,110.75,1.0,1,4,4,0.0167836802953,0.0324381906719
42693607,52.0465116279,1.02325581395,1,43,43,0.0208523234411,0.0341950290794
43713735,33.3333333333,1.0,1,6,6,0.0209743118078,0.0309162669315
30145358,72.0,1.0,1,1,1,0.0291420028219,0.0582015510273
7348582,50.5,1.0,1,2,2,0.0292278929561,0.0242285901893
44250230,88.5,2.0,1,2,2,0.0295301753904,0.0776306055128
44181754,198.666666667,1.06666666667,1,15,15,0.0318212161798,0.0383496173375
18549673,56.0,1.0,1,1,1,0.0357683074436,0.0621473457244
44101328,60.0,1.08333333333,1,12,12,0.0367737964319,0.0392306953233
44222882,99.0666666667,1.0,1,15,15,0.0379782720302,0.0614331612779
44229659,38.2,1.0,1,5,5,0.0420476340732,0.0597917922394
43630454,43.2040816327,1.0612244898,1,49,49,0.043494871432,0.0436656866732
36891115,86.03125,1.21875,1,32,32,0.045985967975,0.0347227520826
44215040,45.9333333333,1.0,1,15,15,0.049246917485,0.0423882680006
40735073,123.25,1.75,1,8,8,0.0499668968929,0.0691646054793
44180540,31.375,1.0,1,16,16,0.0512250846302,0.048569475497
44229723,47.05,1.0,1,20,20,0.0532765545963,0.0305011968913
44282818,53.5333333333,1.0,1,15,15,0.055384735371,0.0496772369831
44177859,345.571428571,1.0,1,7,7,0.0575797447177,0.0441092105509
44282879,47.1333333333,1.26666666667,1,15,15,0.0590178782184,0.0777490955788
24992939,19.9189189189,1.13513513514,1,37,37,0.0614283948842,0.0545931685863
17950689,114.56,1.0,1,50,50,0.0640102309801,0.05158557807
44099814,125.0,2.0,1,1,1,0.0640592161442,0.0673508216915
44228548,72.125,1.0,1,16,16,0.0675228501861,0.0570990429474
43975115,87.0,1.11111111111,1,9,9,0.0783491750411,0.0664469152835
42544704,17.0,1.0,1,1,1,0.0813098407775,0.124695937278
44261397,87.8333333333,1.16666666667,1,6,6,0.0821942124458,0.0790430537728
42820715,90.2,1.66666666667,1,15,15,0.0829545016331,0.0808449771858
13197642,47.6666666667,1.73333333333,1,15,15,0.0852006130113,0.0598072865332
44116196,25.8888888889,2.0,1,9,9,0.0856935952205,0.0848169151279
44099994,36.25,1.1875,1,16,16,0.0887864756989,0.0722059823203
44054204,107.222222222,1.33333333333,1,27,27,0.0900093501695,0.0551575457136
20179847,58.5,1.0,1,2,2,0.0919964033479,0.0977247120169
43859546,46.5,2.5,1,2,2,0.0940086144018,0.0727401147296
44012585,241.857142857,1.14285714286,1,7,7,0.0940361190551,0.0897279888466
44227105,119.714285714,2.0,1,14,14,0.0949612859967,0.0811995423887
43102813,69.4358974359,1.30769230769,1,39,39,0.0962685723987,0.0589728183088
44170592,65.0833333333,1.0,1,12,12,0.097152936563,0.0434992482014
43951421,46.0,1.4,1,5,5,0.0991851022214,0.0767511265425
44301971,315.0,2.0,1,1,1,0.10097540949,0.0759390982166
37465804,97.0,2.0,1,1,1,0.102878029962,0.0609274393399
7265244,26.75,1.25,1,4,4,0.108475008312,0.114137950825
44215920,102.5,1.0,1,58,58,0.109034750353,0.099751768792
43887314,91.1428571429,1.04761904762,1,21,21,0.109609809265,0.0603430190318
44322393,43.5,1.0,1,2,2,0.109887194194,0.0988791090167
44189477,58.6363636364,1.0,1,11,11,0.111006058652,0.0671004237141
44240152,55.8,1.0,1,15,15,0.111432321534,0.112276662143
44255757,52.52,1.0,1,25,25,0.114189098757,0.0931346911483
43338334,188.25,1.5,1,4,4,0.115252848364,0.0958365231058
3671372,22.9285714286,1.0,1,14,14,0.11692733279,0.0604632993872
39013744,49.6507936508,1.0,1,63,63,0.119325762996,0.0904394675242
30188660,37.0909090909,1.0,1,11,11,0.12286809573,0.0807919003552
44113725,229.045045045,1.0,1,111,111,0.122906858864,0.0921388883006
43476716,43.8666666667,1.6,1,30,30,0.123149316279,0.0819592252069
44276053,587.0,2.0,1,1,1,0.123249286743,0.153155518448
36468266,63.64,1.0,1,25,25,0.124925175091,0.108164766005
11767390,19.6666666667,1.85714285714,1,21,21,0.125007270504,0.107648344821
18972023,77.0,1.0,1,5,5,0.125147479261,0.0811921978619
6823072,112.666666667,2.0,1,3,3,0.125197290245,0.109815598802
44235614,42.53125,1.0,1,32,32,0.126085437348,0.123386230977
44054282,109.848484848,1.33333333333,1,33,33,0.12712669717,0.105955890509
44271664,8.5,1.0,1,2,2,0.127966637401,0.0860288149731
44147081,110.846153846,1.0,1,13,13,0.130556015135,0.104807057531
18215885,60.0,1.33333333333,1,3,3,0.131038716046,0.144391529903
44141802,19.0,1.0,1,7,7,0.131908344548,0.116056155053
43783971,39.4705882353,2.38235294118,1,34,34,0.132003655359,0.119570590553
6576528,39.7840909091,1.44318181818,1,88,88,0.133984713086,0.0861981633281
44254968,50.0625,1.25,1,16,16,0.135173193962,0.0870844987502
44282085,19.0,1.0,1,15,15,0.136083327716,0.0975005862491
36266493,37.0,1.5,1,12,12,0.138378981822,0.105259020486
43160111,51.6,1.0,1,20,20,0.139811709959,0.112808725386
44126851,205.066666667,1.53333333333,1,15,15,0.14442620961,0.110452936241
43948769,31.8461538462,2.46153846154,1,13,13,0.14516271455,0.126566027237
36986148,70.3333333333,2.0,1,3,3,0.145543002691,0.106857118778
43063480,64.6578947368,1.47368421053,1,38,38,0.147227268455,0.0939511272086
44293663,101.761904762,1.80952380952,1,21,21,0.148207996858,0.119785594063
15965551,28.5,1.03125,1,32,32,0.149106782407,0.11229845056
44000728,114.2,1.0,1,15,15,0.150511080089,0.0952582459913
44278209,59.9569892473,1.0,1,93,93,0.154364503481,0.136598414951
44029644,20.2,1.53333333333,1,15,15,0.157431445543,0.0903448144785
43680640,72.0,2.0,1,1,1,0.158416369083,0.12366587652
44063920,101.636363636,2.54545454545,1,11,11,0.159080973861,0.137948088334
44276056,125.666666667,1.06666666667,1,30,30,0.15938624245,0.142116506469
44279728,190.0,5.0,1,1,1,0.162349033303,0.172583885018
38479796,22.4411764706,1.0,1,68,68,0.166050415237,0.105032690082
44126671,24.0,1.0,1,4,4,0.166685168322,0.14651572391
27597031,45.8888888889,1.11111111111,1,9,9,0.168052895068,0.0730704229357
44156284,74.7777777778,1.0,1,9,9,0.168365401832,0.159006030097
26024737,11.0,1.08333333333,1,12,12,0.169005100112,0.0894665688518
44237949,129.8,1.0,1,20,20,0.172322288661,0.121029960393
44226518,111.0,1.0,1,1,1,0.173471366725,0.108194879182
28521374,92.5,1.0,1,2,2,0.17504636711,0.143361707625
44194084,54.2222222222,1.0,1,18,18,0.176422930722,0.108127186706
44238417,88.2727272727,1.27272727273,1,11,11,0.177443728556,0.105503881526
21875134,316.421052632,1.34210526316,1,76,76,0.178221694358,0.0979025570389
6432269,46.3333333333,1.33333333333,1,9,9,0.178996654004,0.0923987480471
44249409,111.666666667,2.0,1,3,3,0.179190102578,0.171419495764
13253916,109.0,2.0,1,2,2,0.181193827608,0.114931110596
44259098,78.7058823529,1.23529411765,1,17,17,0.184028522816,0.105083381567
44311608,32.7741935484,1.83870967742,1,31,31,0.184350494712,0.151225375238
44288864,92.7878787879,1.0,1,33,33,0.185860636311,0.168213675062
44038135,30.8210526316,1.01052631579,1,95,95,0.186695371586,0.126259382557
44241043,64.5,1.25,1,8,8,0.18817273173,0.107489615451
11001780,76.0,1.75,1,4,4,0.19124092515,0.10215133303
44132726,86.2,1.0,1,5,5,0.191412859185,0.16599470366
43861575,20.0769230769,1.02884615385,1,104,104,0.191481188352,0.142763003291
44242942,103.0,1.0,1,2,2,0.19222581101,0.172538986604
44230164,97.8571428571,2.28571428571,1,7,7,0.193401893629,0.133706510974
43983782,73.9855072464,1.0,1,69,69,0.194261961459,0.155381851373
44015607,162.956521739,2.82608695652,1,23,23,0.194470054145,0.127789848728
44319057,187.0,1.0,1,1,1,0.195819669572,0.173586658417
43847974,142.574257426,1.0099009901,1,101,101,0.196189496542,0.151059594985
44049964,43.9733333333,1.24,1,75,75,0.198066404591,0.142140565528
44243615,47.4166666667,1.0,1,84,84,0.198781018054,0.189443809449
44303302,171.185185185,1.33333333333,1,27,27,0.205831289525,0.13768740415
44279073,57.6170212766,1.0,1,47,47,0.209802750559,0.211221827813
44043052,153.857142857,1.0,1,7,7,0.21001797151,0.115144188483
14555684,21.4,1.0,1,5,5,0.213580324187,0.133818595977
14723284,28.4,1.33333333333,1,30,30,0.215756128239,0.0959438597759
44142811,15.487804878,1.0,1,41,41,0.215914905267,0.14964246637
26649250,31.0,1.0,1,1,1,0.21678652501,0.173229479727
22500775,59.6,1.0,1,10,10,0.217507441507,0.0846443358789
42696194,57.0,2.2,1,10,10,0.218581600236,0.124686339711
44088493,63.5333333333,1.2,1,15,15,0.219189218611,0.123819983658
43884271,29.3181818182,1.0,1,110,110,0.222398249716,0.176432218882
43987462,41.3333333333,1.33333333333,1,9,9,0.222732971205,0.150510132438
43741430,13.8076923077,1.0,1,26,26,0.226808945685,0.146892826459
44244900,48.6,1.0,1,10,10,0.227497197557,0.148675553048
41161616,125.76,1.24,1,25,25,0.229100458578,0.151081943283
24835873,32.462585034,1.10884353741,1,147,147,0.229125471268,0.123453284332
24280827,82.8333333333,1.0,1,6,6,0.229522153645,0.0862934549357
25756304,80.5384615385,1.0,1,13,13,0.230728454003,0.132368655899
43991258,23.7,3.0,1,10,10,0.231317242203,0.192329000583
44062380,82.287037037,1.05555555556,1,108,108,0.233754522845,0.162660180275
43996498,65.8636363636,1.04545454545,1,22,22,0.235989291546,0.16723082268
44254871,81.7619047619,3.52380952381,1,21,21,0.237334348515,0.193414752873
24104564,43.6666666667,3.0,1,3,3,0.237757911151,0.194002091147
4316379,28.5538461538,1.24615384615,1,130,130,0.237901934152,0.133658392093
6309240,86.75,1.08333333333,1,12,12,0.238039713961,0.148610306314
15555970,49.0,1.0,1,1,1,0.238093446958,0.225362309716
44248178,36.7083333333,1.85416666667,1,48,48,0.238387337815,0.173049280117
44272176,193.392857143,1.03571428571,1,28,28,0.238564065436,0.159637690299
43517926,34.1875,1.0,1,16,16,0.241115166572,0.165625133552
44215950,137.444444444,1.55555555556,1,27,27,0.242171483216,0.186312403358
44275976,125.214285714,1.07142857143,1,14,14,0.243880041936,0.201196733649
44044125,26.72,1.0,1,25,25,0.244262909632,0.161650006327
43900600,311.777777778,1.0,1,54,54,0.244644186776,0.150739085698
26643631,49.9375,1.3125,1,16,16,0.244665976552,0.169230203387
3587109,17.8648648649,1.0,1,37,37,0.245080991354,0.13920875493
44080758,65.8571428571,2.33333333333,1,21,21,0.245360364625,0.14831805345
44234175,90.125,1.0625,1,16,16,0.247583869579,0.158618518767
36174227,77.0,1.0,1,2,2,0.251874538151,0.130371159991
43858672,28.5,1.01219512195,1,82,82,0.252330105641,0.21259630129
16715963,37.3333333333,1.33333333333,1,6,6,0.252811882143,0.169344679716
10959404,33.829787234,1.06382978723,1,47,47,0.253182455081,0.150724031412
44221734,43.2682926829,2.90243902439,1,41,41,0.253452666413,0.184240600078
23503585,91.6,1.6,1,10,10,0.253561773451,0.12168868995
40039601,85.625,1.125,1,8,8,0.25534355827,0.180209098561
44264551,92.5384615385,1.07692307692,1,13,13,0.256741496967,0.175727666076
41838051,52.7368421053,1.26315789474,1,19,19,0.257432300642,0.152070734419
44325757,32.1333333333,2.0,1,15,15,0.25921440762,0.152001868069
39127197,20.0,1.5,1,2,2,0.260811538798,0.0564812951998
21613169,25.56,1.04,1,25,25,0.260843238061,0.163947470149
28335646,113.574712644,1.29885057471,1,87,87,0.261228795569,0.147716117438
31613324,117.933333333,1.06666666667,1,60,60,0.263272841208,0.145639835155
6363996,269.5,1.0,1,4,4,0.265014584898,0.119527783511
43856242,28.2333333333,2.3,1,30,30,0.272326980838,0.157883914076
44189114,102.304347826,4.5652173913,1,23,23,0.273820416393,0.152495358489
43747423,53.7272727273,2.09090909091,1,11,11,0.274985323836,0.128317148678
41841195,35.6170212766,1.04255319149,1,47,47,0.275604345516,0.140542956051
40421145,41.625,1.0625,1,16,16,0.275687572768,0.117184876724
44303307,250.4,1.86666666667,1,15,15,0.27808497278,0.20766029295
35903629,21.8571428571,1.0,1,7,7,0.283495247118,0.188977054589
44088267,91.3684210526,2.10526315789,1,19,19,0.284758613462,0.131584409563
39339973,44.6,3.9,1,30,30,0.284849316882,0.160675669638
6082058,167.166666667,2.44444444444,1,18,18,0.285518221749,0.117732705457
43768012,149.066666667,1.66666666667,1,15,15,0.290410448408,0.142294678503
39744930,82.6470588235,1.82352941176,1,17,17,0.290640133842,0.164236111924
44292353,52.0,1.25,1,4,4,0.298460760191,0.153815694355
32850083,57.1,1.725,1,40,40,0.299763963307,0.155665982584
44225611,109.25,1.0,1,28,28,0.300063854742,0.163229662726
44090708,69.1052631579,1.42105263158,1,19,19,0.300111486023,0.125914431861
44244709,220.733333333,2.0,1,15,15,0.302065215055,0.223849645062
44220819,155.72972973,1.05405405405,1,37,37,0.302790379889,0.213357120138
44277951,79.7,2.0,1,30,30,0.304447328114,0.196122674177
44277360,80.3333333333,2.0,1,30,30,0.304447328114,0.196122674177
11145155,28.4,3.0,1,10,10,0.304805166666,0.163805238645
35797102,14.5,1.25,1,4,4,0.305104019314,0.165985913361
18482369,78.5,1.33333333333,1,6,6,0.306175358512,0.197188943995
15577915,19.3666666667,1.03333333333,1,30,30,0.308123232537,0.181913600568
29289135,55.2452830189,1.66037735849,1,53,53,0.308495360722,0.166716950401
34713230,48.5,1.88888888889,1,18,18,0.309876063403,0.18105394192
43522574,83.8461538462,1.0,1,26,26,0.310002905729,0.170570338671
44259837,163.333333333,1.0,1,15,15,0.310749452674,0.196177588792
16469970,39.0,1.0,1,2,2,0.31126459554,0.170091610784
18666417,72.5277777778,1.63888888889,1,36,36,0.311852634082,0.191473128788
44152442,136.178571429,1.46428571429,1,28,28,0.313613214141,0.160788755335
27770607,26.8571428571,1.14285714286,1,42,42,0.317994251076,0.162120046717
21245943,83.0,1.2,1,5,5,0.318064442248,0.125749952419
44220716,143.735294118,1.20588235294,1,68,68,0.319518239559,0.205287818537
44204154,65.4444444444,4.44444444444,1,18,18,0.321135977709,0.204196104194
12918534,40.0,3.0,1,1,1,0.322201458208,0.144134624626
44291040,358.777777778,1.0,1,9,9,0.322746869287,0.250169256601
43611950,22.0,2.0,1,1,1,0.324424681289,0.135052395283
40233359,75.0,1.2,1,5,5,0.325833837398,0.201431171794
44256721,97.696969697,1.0,1,33,33,0.326474034468,0.269138673444
13842059,29.1666666667,1.0,1,6,6,0.326628967452,0.201566976278
16854635,61.2307692308,1.02564102564,1,78,78,0.327396003449,0.188489054519
44127254,66.5833333333,2.0,1,12,12,0.330108658646,0.200420631526
44176037,88.5,1.0,1,6,6,0.330990872115,0.181104012324
34070076,62.8181818182,1.27272727273,1,22,22,0.331005412669,0.181511302437
43228472,38.0,4.0,1,2,2,0.331336244979,0.231456961029
24043308,42.9090909091,1.40909090909,1,44,44,0.331808591871,0.170597560916
44261167,19.320754717,1.62264150943,1,53,53,0.332889057998,0.197292090421
30777913,38.0,2.6,1,5,5,0.33705687112,0.256392093751
19838540,79.6488549618,1.23664122137,1,131,131,0.341338428909,0.203141403224
43887010,83.0,2.0,1,1,1,0.341610717863,0.255511816286
44220760,81.7333333333,1.86666666667,1,15,15,0.342082412613,0.28953402992
44187371,28.3,4.5,1,20,20,0.344585757153,0.165366799051
42783052,82.4,3.3,1,40,40,0.34519640105,0.158317588432
12366026,29.8888888889,4.22222222222,1,9,9,0.347507678562,0.209078669862
3696575,49.25,1.5,1,4,4,0.347772106664,0.221869442923
13300986,35.0689655172,1.74137931034,1,58,58,0.348739869985,0.195907823926
18466403,72.75,1.25,1,4,4,0.349765250816,0.194110855466
30766630,70.3595505618,1.78651685393,1,89,89,0.350626430442,0.199521052934
44308105,84.1764705882,1.0,1,17,17,0.352110498231,0.256254425412
12115558,25.4,1.13333333333,1,15,15,0.352864298923,0.173634046154
44266069,281.0,1.33333333333,1,6,6,0.353007893661,0.195448290224
43959305,20.0,4.30909090909,1,55,55,0.353457059413,0.259977036889
44170407,51.6153846154,3.07692307692,1,39,39,0.354507588777,0.214306364043
29096504,25.2,1.2,1,5,5,0.356829066074,0.160950664997
34699374,55.5,3.5,1,2,2,0.357791191022,0.269763185351
38202325,149.770114943,1.75862068966,1,174,174,0.359500684891,0.198811676807
39226056,166.909090909,1.59090909091,1,22,22,0.360005298537,0.16879030746
44231434,71.5806451613,3.16129032258,1,31,31,0.361410528624,0.247178042387
27934334,43.6923076923,1.59615384615,1,52,52,0.361646358731,0.224474151039
44290398,107.0,5.0,1,3,3,0.363714036012,0.226850185222
44247585,185.842105263,3.10526315789,1,19,19,0.366426256725,0.219905622335
44213102,80.6666666667,1.0,1,15,15,0.367895767439,0.260544162923
6367365,41.1608391608,1.40559440559,1,143,143,0.371056457771,0.194616759054
11131207,139.948275862,1.36781609195,1,174,174,0.371507771553,0.201867623937
43619823,44.7058823529,1.88235294118,1,17,17,0.372634322527,0.216317182162
39027412,84.0303030303,1.9696969697,1,33,33,0.372787984686,0.242471480988
14861092,24.5853658537,1.34146341463,1,41,41,0.375166516405,0.191360820427
36313199,53.1363636364,1.70454545455,1,44,44,0.375561690084,0.203927624018
39017656,71.7333333333,1.26666666667,1,15,15,0.377477646663,0.177239624277
44276035,90.8709677419,2.0,1,31,31,0.37999683008,0.262448041683
32356401,21.0,2.5,1,2,2,0.381545396733,0.247341549572
22496080,48.6,1.0,1,5,5,0.382545632577,0.231111361941
44162779,182.647058824,2.05882352941,1,17,17,0.382643643546,0.199213058585
44235292,53.6545454545,2.43636363636,1,55,55,0.383196530716,0.254945214516
22360250,27.8,2.8,1,5,5,0.384779153115,0.138375989449
11257883,314.346153846,1.15384615385,1,26,26,0.385466299807,0.229594249456
27674429,74.8,1.33333333333,1,15,15,0.387225962592,0.238266133719
31585669,61.5555555556,3.0,1,18,18,0.38769529957,0.192754515702
31883685,47.2134831461,1.69662921348,1,89,89,0.389559978408,0.207508010251
18960682,52.3214285714,2.0,1,56,56,0.389860949299,0.206614921435
44218005,113.440860215,2.0,1,93,93,0.391645770087,0.270580194336
24403612,52.5512820513,1.35897435897,1,78,78,0.39319766998,0.21129903161
42687475,90.25,5.0,1,4,4,0.393460949031,0.189043407448
19294877,117.285714286,1.33333333333,1,21,21,0.39408003588,0.246948533387
38082417,34.0,1.0,1,7,7,0.394704615812,0.296554656923
40032300,35.0367647059,1.99264705882,1,136,136,0.395955449628,0.219761289665
43826288,67.5,1.5,1,2,2,0.396705226975,0.244224029885
1924522,21.4117647059,1.58823529412,1,17,17,0.397425352595,0.232838571301
44220382,82.8103448276,2.05172413793,1,58,58,0.397446584701,0.232168303454
43939704,22.4727272727,4.47272727273,1,55,55,0.399570089382,0.295227438891
44039290,86.8863636364,1.97727272727,1,44,44,0.402904674811,0.307542364153
13581319,22.8113207547,1.18867924528,1,53,53,0.403260308562,0.241732820592
15193250,43.4523809524,2.54761904762,1,84,84,0.404484183999,0.249592341137
44142832,113.483870968,2.0,1,31,31,0.404635453137,0.303226181035
41499434,27.0666666667,2.16666666667,1,30,30,0.405493497377,0.224680267183
6524027,42.5263157895,1.69736842105,1,76,76,0.407251139977,0.220020883697
44057828,25.4,1.7,1,10,10,0.407711150758,0.256576987199
27914150,19.6,1.0,1,5,5,0.408527820755,0.256345636606
29768955,29.8333333333,1.0,1,6,6,0.411679393735,0.256824599061
44211899,98.6875,2.8125,1,16,16,0.411816575589,0.251609452689
44309696,17.0,2.4,1,5,5,0.412757527594,0.25354668936
38548574,41.7894736842,1.86842105263,1,38,38,0.413738338405,0.230359689424
44259754,12.5,2.5,1,4,4,0.41396255571,0.3066998211
41957650,42.0,1.25,1,8,8,0.414265404473,0.277342061242
6330007,120.314814815,1.66666666667,1,54,54,0.414856068082,0.220666116414
44071870,118.1875,2.2265625,1,128,128,0.41570743108,0.242133824338
12874324,82.6666666667,2.0,1,3,3,0.416116377481,0.238358615522
6377879,42.7116564417,1.62576687117,1,163,163,0.416661592005,0.234939279355
1855113,55.7714285714,2.05714285714,1,35,35,0.420442274406,0.256294235357
43578523,75.0625,1.3125,1,16,16,0.422674413355,0.235436627959
39463195,94.3333333333,1.0,1,3,3,0.426902762495,0.172861806638
43708576,107.533333333,1.46666666667,1,15,15,0.431834092386,0.259571208537
44190030,113.727272727,1.93939393939,1,33,33,0.433652002329,0.291798010362
44230328,39.1666666667,2.0,1,18,18,0.433727811337,0.213537622201
44133399,128.855072464,2.28985507246,1,69,69,0.436016776154,0.241159533247
20312760,33.7804878049,1.65853658537,1,41,41,0.437219894054,0.247330797777
39170292,85.0,2.0,1,1,1,0.439331399501,0.193037916635
43889159,226.0,1.66666666667,1,6,6,0.439557920181,0.18514724162
44217509,36.3846153846,3.46153846154,1,13,13,0.440095160007,0.281184812801
44260958,6.0,2.0,1,1,1,0.4419187624,0.221633394296
32547262,31.3333333333,2.0,1,3,3,0.44308300914,0.26526434964
44057528,109.018018018,2.27027027027,1,111,111,0.443935486801,0.246620508795
35473680,178.2,1.0,1,15,15,0.44742655815,0.253567566694
19378092,56.375,2.5,1,8,8,0.447490058012,0.21714980275
6336109,140.5,1.59722222222,1,72,72,0.448435749296,0.264839543882
29686407,68.0,1.0,1,1,1,0.44892490708,0.325484051755
44064183,168.571428571,1.95238095238,1,21,21,0.45145575889,0.271468360741
37881503,81.8333333333,2.75,1,12,12,0.453830266456,0.331240280658
44232165,191.0,2.0,1,2,2,0.454123613333,0.317705562729
44254972,101.6,1.96,1,25,25,0.45529430936,0.38343271013
44156451,92.9714285714,2.0,1,70,70,0.456195616034,0.303837414623
44179448,19.6666666667,1.0,1,3,3,0.457497696015,0.22903511265
1883056,47.6034482759,2.44827586207,1,58,58,0.458022035081,0.288232611379
31988217,37.9622641509,2.11320754717,1,53,53,0.459021126181,0.261665178777
44214882,106.772727273,1.93181818182,1,44,44,0.460612717503,0.330580832361
24252915,64.0,1.0,1,3,3,0.462496870768,0.206537756511
44313556,141.0,2.0,1,15,15,0.464049769917,0.275710118554
44161624,138.6,4.4,1,15,15,0.465038278709,0.32405481267
44251435,39.3225806452,1.64516129032,1,31,31,0.46729106784,0.282354841323
43995157,61.7142857143,1.42857142857,1,7,7,0.46914549295,0.235902880555
7111544,19.4285714286,1.0,1,7,7,0.471394443644,0.269583481626
27106354,74.8666666667,3.66666666667,1,15,15,0.472593238559,0.289907813307
35330747,206.307692308,2.0,1,13,13,0.4733427987,0.184903647522
11068774,39.0,8.0,1,2,2,0.478337945746,0.240708857295
44303394,41.7058823529,1.94117647059,1,17,17,0.479768781385,0.314783320419
44108479,105.5,1.5,1,10,10,0.480799940881,0.268493623588
44283307,31.9,2.0,1,10,10,0.484173643439,0.343572524828
44082600,129.0,3.83333333333,1,6,6,0.48646272021,0.175879620961
6341779,42.7857142857,2.14285714286,1,14,14,0.487202810845,0.273726912039
40925305,44.9047619048,2.48571428571,1,105,105,0.487633333085,0.297272855265
20306047,64.5306122449,1.40816326531,1,49,49,0.489156320499,0.30540221169
28776776,49.0952380952,4.38095238095,1,21,21,0.489181825314,0.317008563752
38158803,27.8181818182,2.22727272727,1,22,22,0.490387955776,0.258226869685
44108545,35.2777777778,7.83333333333,1,18,18,0.493927708357,0.328714301447
41290202,36.4761904762,2.42857142857,1,21,21,0.496293602053,0.259590829353
21405768,184.666666667,4.33333333333,1,3,3,0.496532475673,0.245300577253
44237743,119.25,2.25,1,4,4,0.497696129704,0.32545752435
44221674,80.0,3.0,1,1,1,0.497815114886,0.303758334856
39073124,43.8790322581,2.97580645161,1,124,124,0.500871696084,0.270815847212
41545007,54.0405405405,3.56756756757,1,74,74,0.502060207457,0.302638714936
44206177,31.0,2.6,1,5,5,0.50273297818,0.339872755064
43939644,57.0,1.5,1,6,6,0.503976030985,0.329221043913
44053585,75.4444444444,2.94444444444,1,18,18,0.504185559649,0.316176815406
44246740,55.3,3.0,1,10,10,0.506434500562,0.325295354137
11460728,43.4444444444,2.77777777778,1,45,45,0.507938445163,0.325756161662
23854490,63.0,1.0,1,1,1,0.514509046485,0.328829785076
44246595,21.4666666667,1.26666666667,1,15,15,0.518693118675,0.27875727596
38846365,430.909090909,1.90909090909,1,11,11,0.526404215505,0.223570092914
44021516,168.75,3.0,1,4,4,0.526459473696,0.322632841048
35351404,53.3333333333,1.8,1,15,15,0.526935085965,0.316858144033
40599766,59.6666666667,1.33333333333,1,3,3,0.532605901395,0.31059553515
5861591,35.5,2.7,1,10,10,0.532710507408,0.320556135183
30330488,51.2222222222,2.0,1,9,9,0.533034673403,0.307357847061
18531561,77.9047619048,1.61904761905,1,21,21,0.537565512914,0.309420861586
6342161,102.142857143,1.71428571429,1,7,7,0.538093522092,0.308691160799
37673989,65.0,2.33333333333,1,6,6,0.538190547042,0.42612768921
44311752,79.1666666667,5.66666666667,1,6,6,0.545917969474,0.382080587122
36826029,94.6976744186,2.3023255814,1,43,43,0.546025840373,0.286859227037
42023252,153.333333333,1.66666666667,1,3,3,0.547539103228,0.306874883738
44290944,124.736842105,3.05263157895,1,38,38,0.550246901756,0.369037231868
44218485,50.4482758621,9.51724137931,1,29,29,0.556707321807,0.345215677481
36929821,46.1666666667,1.83333333333,1,12,12,0.556983467922,0.333821683558
44292104,61.8571428571,7.42857142857,1,7,7,0.557728526673,0.380051714998
39147083,84.2666666667,3.0,1,15,15,0.558457678758,0.339948588652
34374082,45.3888888889,1.0,1,18,18,0.559482650712,0.24799039498
36851940,65.2857142857,1.71428571429,1,21,21,0.562607772201,0.30710268947
44223038,36.1666666667,9.56666666667,1,30,30,0.565156395294,0.384806703384
23144069,62.6875,1.8125,1,16,16,0.571035393215,0.283893753961
44291491,47.0,6.0,1,1,1,0.573661785931,0.430904605252
44060023,97.0,7.6,1,5,5,0.574452434393,0.408445659306
6338946,90.5,3.25,1,4,4,0.575739419424,0.217861164974
40206876,181.4,12.0,1,5,5,0.576892914975,0.253374530612
44192955,144.133333333,9.06666666667,1,15,15,0.580994772176,0.392674169932
44316968,86.6666666667,8.13333333333,1,15,15,0.583553062527,0.418721169009
44074924,39.9333333333,6.33333333333,1,15,15,0.585078048388,0.40651390306
44201185,159.0,4.25,1,4,4,0.589151672188,0.294464045815
38817461,52.0,2.5,1,4,4,0.593596221948,0.338030237027
44198456,127.615384615,6.07692307692,1,13,13,0.595807026753,0.350655190935
6355877,121.828571429,2.94285714286,1,35,35,0.596715209686,0.335542760238
43584008,45.2857142857,1.0,1,7,7,0.598917379556,0.303167677383
43220185,103.52173913,3.39130434783,1,23,23,0.600575823281,0.337614060649
44232898,93.0769230769,8.03846153846,1,52,52,0.602956828816,0.429395763822
40488533,92.3,4.95,1,20,20,0.606927594106,0.330490118881
44305715,58.640776699,7.65048543689,1,103,103,0.6091442689,0.451589885965
44203888,102.276190476,7.75238095238,1,105,105,0.613443285285,0.436841244806
44277809,71.6395348837,8.37209302326,1,86,86,0.614930085428,0.448328579994
44307472,53.0,7.34042553191,1,47,47,0.61629598076,0.465723236913
42393622,321.5,3.0,1,4,4,0.618901220202,0.370015026713
42660466,43.5,3.5,1,2,2,0.619043514757,0.20894693121
36166698,33.3333333333,2.83333333333,1,6,6,0.623370601597,0.344731975854
43799342,40.8,3.0,1,10,10,0.625032270089,0.460391089947
6352345,34.8333333333,1.83333333333,1,6,6,0.625718994134,0.344189764877
44258019,79.350877193,7.85964912281,1,57,57,0.62837983463,0.459666073575
44305965,8.0,2.0,1,2,2,0.629887016009,0.526041915404
31508822,41.5,2.3,1,10,10,0.631162082372,0.337764647075
44257917,122.222222222,5.11111111111,1,9,9,0.64360663437,0.488629424198
43656720,63.7142857143,3.0,1,7,7,0.653253079122,0.399949842334
39797332,100.5,1.5,1,4,4,0.655184071667,0.356494428216
33946118,165.3,2.1,1,10,10,0.671768038195,0.347641574465
43608685,78.6666666667,4.0,1,15,15,0.673703647842,0.397397789673
44293157,48.1666666667,3.33333333333,1,6,6,0.675000938171,0.477383314023
42609241,141.333333333,1.33333333333,1,3,3,0.678750561777,0.462367207758
44216020,181.0,2.0,1,1,1,0.69839646392,0.594812398704
44282542,84.0,3.0,1,1,1,0.719582280085,0.408118171597
43982188,15.0,1.0,1,2,2,0.763807594126,0.544555591199
35551850,43.2,2.8,1,5,5,0.770098703567,0.534395712708
44067545,683.0,1.0,1,2,2,0.788166597506,0.629731439413
44229653,42.0,1.0,1,1,1,0.789997576106,0.650026564117
19638651,38.0,2.0,1,1,1,0.838185917865,0.642750392024
36518845,22.0,1.0,1,2,2,0.876773646302,0.797587122193
37946325,33.0,1.0,1,1,1,0.887966864858,0.681044706604
38806465,15.0,1.0,1,1,1,0.954584664165,0.794530049532
35256604,74.0,1.0,1,1,1,0.954584664165,0.794530049532
15004831,18.0,1.0,1,1,1,0.975598367863,0.897096050111
