,duration,job,judgment,output.rellist.count,unit,wqs,wqs_initial
A03922113RU44GENR8ATX,101.187891441,1,479,1.03131524008,479,0.61345087927,0.465048981607
A110KENBXU7SUJ,38.2926829268,1,41,1.19512195122,41,0.565040550859,0.449936236094
A11TREGDHSUSJW,84.0,1,1,2.0,1,0.232574089455,0.250247645018
A12SMSQ6D5227J,88.5,1,2,1.0,2,0.321631210632,0.315365838424
A13I8ASC3JQ04P,50.9833333333,1,240,1.1875,240,0.629613901793,0.50440796244
A14WWG6NKBDWGP,51.5515695067,1,446,1.2600896861,446,0.514656399003,0.405685025284
A150CIC6SJN8JC,98.8363636364,1,55,1.03636363636,55,0.668355360344,0.525453967694
A15NNYXDLCI2SR,100.776422764,1,246,1.06097560976,246,0.481516320029,0.354967860277
A17D6BK59S31BM,118.5,1,6,2.16666666667,6,0.31901141937,0.226293509921
A17J1CE7N49Z9D,75.6666666667,1,3,1.0,3,0.0295739726887,0.0164114369484
A18G2CLYSTENK,62.6148491879,1,431,1.0,431,0.540622456919,0.414683962719
A1909MOQZUXZZ5,217.0,1,1,2.0,1,0.691125618902,0.691635819349
A191DEPTV6AID1,73.0,1,1,1.0,1,0.943841049591,0.94148650497
A19BMRBO5UAD6H,37.0714285714,1,28,1.21428571429,28,0.529117327835,0.431920640105
A1BAEFJ2OG7NJ0,125.0,1,1,1.0,1,0.197082610185,0.212293678318
A1C59M3HPCO503,37.625,1,8,1.125,8,0.747502971505,0.644013331699
A1CA46R2A6TV9W,19.5405405405,1,37,1.0,37,0.401651280811,0.32621210118
A1CYOGFBBYTW3G,97.0,1,1,2.0,1,0.0967462993146,0.119440363569
A1D9FOXZ0UT0L2,27.0,1,1,1.0,1,0.171799958342,0.185311016342
A1DABMXVWWL0TR,164.142857143,1,14,1.92857142857,14,0.579076104951,0.446361313775
A1DRFDGG2KCOI2,96.9700499168,1,601,1.11647254576,601,0.476557615148,0.379959478644
A1DXFMUVK5015A,54.8,1,5,1.0,5,0.43706764418,0.263340479539
A1E235KE3CSO7H,171.0,1,1,3.0,1,0.252293424475,0.172665596809
A1EQ2HDHF2WWSY,25.8,1,90,1.0,90,0.560535427462,0.414333944147
A1FGKIKJYSL1MI,45.2607361963,1,652,1.77914110429,652,0.620238510051,0.51641162147
A1G94QON7A9K0N,71.2255639098,1,665,1.48872180451,665,0.654874674808,0.53784757376
A1GKEEI844CEKI,74.6140350877,1,285,1.90526315789,285,0.35998713988,0.294685167097
A1I9U0HRRM0E6C,60.3684210526,1,19,1.52631578947,19,0.828570872255,0.758115260659
A1IFIK8J49WBER,101.444444444,1,9,1.77777777778,9,0.687107234004,0.610953275062
A1L3937MY09J3I,63.0,1,1,3.0,1,0.698148605168,0.562621270856
A1LUWOV426JV1N,157.62962963,1,27,1.18518518519,27,0.470493654933,0.308995882917
A1NEHADW7ODHQT,195.0,1,1,1.0,1,0.0342106904923,0.0362887369301
A1OKNQ2JEXW34Q,47.3333333333,1,3,1.0,3,0.871646123501,0.836181499351
A1P7U2ULSAE7YL,284.0,1,3,3.0,3,0.563900303943,0.425694834808
A1PJLZSOUQ4MIL,194.617647059,1,170,1.04705882353,170,0.616973342439,0.478598914781
A1PQNUX4BZE5O0,78.1063829787,1,47,1.63829787234,47,0.193843377732,0.13928793941
A1RT9SQ9D9DLOV,90.9649122807,1,114,1.02631578947,114,0.599111003637,0.472573944199
A1RXG8RE0SJ4LC,120.0,1,1,2.0,1,0.305906521451,0.359210604054
A1T9DFT0XOO3V5,74.3076923077,1,26,14.0,26,0.105977559725,0.125901846678
A1X94LTZZQMHTP,18.6956521739,1,69,1.02898550725,69,0.366000620124,0.244243733314
A1XH05IKC77OXO,85.5,1,4,1.0,4,0.493788907756,0.334008711981
A1Z6F664MYBMVI,201.0,1,1,1.0,1,0.973332004725,0.961539089543
A1Z7S5WSYCVE0K,196.0,1,1,16.0,1,0.077170187361,0.0961986545687
A20BMZQJS92QY2,82.0,1,2,1.0,2,1.0,1.0
A21753FQKCM5DQ,188.0,1,1,1.0,1,0.615698664748,0.624695047554
A21I4DTJGWJYQJ,74.0,1,93,1.31182795699,93,0.459957327546,0.371050302913
A22VGT2F28LTWC,75.2340425532,1,47,1.17021276596,47,0.356738149327,0.238076230345
A249TBL7CCUBY7,181.0,1,1,1.0,1,0.695996788236,0.603022689156
A24LC97AU3QC7G,113.0,1,13,1.53846153846,13,0.673073559619,0.598452943261
A2541C8MY0BYV3,31.6086956522,1,23,1.0,23,0.227239731241,0.187377632434
A26ERTJPV1A1IM,91.0,1,3,1.0,3,0.0923226093004,0.0807199526118
A26T6O5EFR54A9,57.0114942529,1,261,1.31417624521,261,0.642595829956,0.525680887378
A26XN1TM6CV01T,120.833333333,1,6,1.33333333333,6,0.72460733709,0.600615487528
A271JEOKZV8ZXH,34.94,1,50,1.48,50,0.418503535036,0.257476284528
A27MJOV91GA8R3,94.0,1,1,2.0,1,0.251713717776,0.175682092232
A291KO368YRYCR,54.0,1,1,1.0,1,0.0659202138468,0.0890002087683
A29RBRL117PYX0,32.75,1,4,1.0,4,0.443787204963,0.368995217159
A29VL3MZE7YPBZ,39.8753709199,1,337,1.30860534125,337,0.491580384143,0.390920825046
A2BOXK0KVXGKPU,50.2333333333,1,30,1.66666666667,30,0.510951172222,0.35513961998
A2C7UETA9SL9SK,30.2916666667,1,24,1.0,24,0.786652243413,0.675396491066
A2CK0OXMPOR9LE,91.9268292683,1,123,1.27642276423,123,0.66274400803,0.519962820249
A2EEL9YYUHL5SK,133.743421053,1,608,1.36842105263,608,0.721006851743,0.600041312263
A2EELTS09HUTSF,196.333333333,1,12,3.25,12,0.392647862588,0.248255199754
A2FI2VTA8JVYS6,97.0,1,1,1.0,1,0.687964055905,0.549198664935
A2FUMA4UR6S920,157.0,1,2,2.0,2,0.00335454411261,0.0173526402098
A2FXD55FJV1RSV,29.5,1,2,1.0,2,0.0,0.0
A2HGRSPR50ENHL,48.0860215054,1,93,1.16129032258,93,0.475507874246,0.359621961459
A2HNP1YL1IBFMU,51.8095238095,1,21,1.09523809524,21,0.643460451555,0.438808475392
A2HTN7HCNBQ8V4,28.1666666667,1,6,1.0,6,0.463274990765,0.326422516525
A2KGL2FXIG2IQM,308.0,1,2,1.0,2,0.509220259986,0.419244462712
A2KLJKDG90K1PP,71.5454545455,1,11,1.72727272727,11,0.608911002993,0.522103167373
A2LPRUXRREYKGO,255.0,1,1,3.0,1,0.285417397061,0.224196328107
A2MQ6VUSKCQ9FH,361.0,1,1,1.0,1,0.607840861176,0.596284794
A2P065E9CYMYJL,21.3118644068,1,295,1.02033898305,295,0.501233625722,0.374499177129
A2Q8N687305WLH,110.0,1,1,1.0,1,0.168221813211,0.130188910981
A2QVMCGDLTWV9,76.436,1,250,1.572,250,0.694530712235,0.596005569763
A2RMJNF6IPI42F,127.0,1,1,3.0,1,0.442415824372,0.437103627465
A2S75O867RJG0I,120.230769231,1,13,1.07692307692,13,0.797798567379,0.684155789962
A2SD7GN80U31GW,46.6224018476,1,866,1.22979214781,866,0.675400201437,0.547572461262
A2T5CROJ0FWIJY,62.3157894737,1,76,1.06578947368,76,0.594986686806,0.42758101119
A2U83S62P8SZ6T,84.0,1,1,2.0,1,0.0635853754371,0.110151669776
A2UHF7UL7G0Y78,69.275862069,1,29,1.03448275862,29,0.611791632637,0.441107186054
A2V8LLZRTOP79S,115.5,1,4,1.0,4,0.509972369595,0.389959678938
A2W1C5PDHUF25O,229.0,1,1,3.0,1,0.807311703708,0.802917274245
A2WGW5Y3ZFBDEC,290.0,1,1,1.0,1,0.752493321851,0.747851959276
A2WP3WEYA1SQCA,59.3181818182,1,22,1.18181818182,22,0.45922412277,0.29757926312
A2WQT33K6LD9Z5,107.083333333,1,24,1.08333333333,24,0.646693707159,0.476811008598
A2WTNZHRALOHX8,221.066666667,1,15,1.33333333333,15,0.597313379298,0.521435540041
A2YJQUHFIXNOY0,78.3333333333,1,3,1.0,3,0.758314792176,0.656456637152
A2YO837C0O1E91,65.2857142857,1,7,1.0,7,0.490074544526,0.361787881449
A2YTOX7SEDJ1TC,43.2,1,20,2.7,20,0.333729494172,0.271692781434
A2Z4BUU0TCEO4Q,283.5,1,2,2.0,2,8.4595662487e-05,0.000524950656957
A2ZRF4I5RTKN7G,47.0,1,18,1.27777777778,18,0.632680224934,0.563205265261
A30JB0LFI1MCQS,100.75,1,4,1.5,4,0.532218302919,0.437941897165
A314XJY8V1YL12,242.0,1,1,1.0,1,0.88275581921,0.830776871287
A31O43Y575I5C2,87.435483871,1,186,1.4623655914,186,0.649385251094,0.531420935302
A31XNLA9REVGXL,172.458167331,1,251,1.16334661355,251,0.629408677133,0.517664873432
A34QZDSTKZ3JO9,39.1819407008,1,742,1.17115902965,742,0.577031714218,0.448853443003
A36ABFLSNFESVJ,121.0,1,1,1.0,1,0.945625456118,0.912649600135
A37JD0XUZHQYRC,56.25,1,8,1.0,8,0.407059481138,0.322851533556
A37XJVQF62ZYC,43.6808510638,1,47,1.1914893617,47,0.343497397198,0.193904526344
A38DXFI1TZA295,52.4814814815,1,108,1.43518518519,108,0.641417146683,0.503698493323
A394PCJZ22IIHV,78.0588235294,1,17,1.17647058824,17,0.501498209764,0.314641986272
A397157QX8JVSQ,199.625,1,8,1.25,8,0.599343979002,0.365717996501
A3A8P4UR9A0DWQ,83.55,1,20,1.15,20,0.566486448548,0.420033761333
A3BI0AX5T5GVO3,18.5245901639,1,122,1.27049180328,122,0.314776672208,0.210701891774
A3BL2ZEODD79AZ,43.33,1,100,1.07,100,0.40083369074,0.30827238281
A3BVPQFBYGWJWX,37.0,1,1,2.0,1,0.594309385911,0.517859046406
A3F6SDO4GYBE4Y,39.4,1,10,1.2,10,0.302530214049,0.255354180751
A3FWS11PAI3GP0,147.0,1,1,1.0,1,0.948038064067,0.882024779301
A3GAQNTZ1V1VO,62.3333333333,1,3,1.33333333333,3,0.427034994604,0.214248566304
A3GM78FCDY293T,81.4464285714,1,56,2.05357142857,56,0.609092489704,0.52176469512
A3HMDGRGC5JB7E,206.0,1,21,1.0,21,0.412566265575,0.287340281868
A3HTDIOZQ4ADI3,34.4642857143,1,28,1.32142857143,28,0.178907835248,0.140841995612
A3I9XLIHPPWPN1,272.0,1,1,1.0,1,0.649033512979,0.596284794
A3KN0O7VP8YSZY,75.2177419355,1,496,1.375,496,0.703684902691,0.574169206333
A3L5M80U6TSFJO,71.0526315789,1,19,1.15789473684,19,0.522062473625,0.276156988025
A3LV60O7E3XAN4,85.5,1,4,1.25,4,0.387995733525,0.169471167126
A3MDKF8JMAOKVX,52.2727272727,1,11,1.09090909091,11,0.48590778274,0.303047093433
A3MK12K0EAQITB,87.0,1,1,1.0,1,0.610376518532,0.471404520791
A3NHJPE6326P9V,171.0,1,1,1.0,1,0.0640044208589,0.0648288851102
A3NHUXDHHBXSR3,114.9,1,20,2.3,20,0.455538675067,0.324079610587
A3O8YXPG1HGUH0,185.0,1,1,4.0,1,0.387841911447,0.381957201776
A3OW5EFQ5QFD19,318.0,1,1,2.0,1,0.62318210399,0.620304053571
A3P5FW28UQ2FM8,156.0,1,1,1.0,1,0.171073723308,0.164398987305
A3PRXVRS4B8YVO,120.0,1,1,1.0,1,0.0127297671257,0.015408338784
A3QC57KUVJP5EW,190.0,1,1,3.0,1,0.270361043477,0.248238652055
A3QW1C79IH4GOG,106.0,1,1,1.0,1,0.00161136587383,0.00360113179751
A3QX9ABC1DVMQG,258.0,1,1,2.0,1,0.00114445986511,0.00978278784806
A3QZMGTVA4VO44,291.0,1,1,5.0,1,0.260411757133,0.370108019714
A3SDFAOJW87FGP,42.6244855967,1,972,1.0524691358,972,0.620680489309,0.491450308877
A3SW7C50H0E9U3,52.25,1,4,2.5,4,0.590393801086,0.474221070754
A3U6IA3JUSFZ2M,70.8113207547,1,159,1.33333333333,159,0.687130360639,0.573001357817
A3US3R22I0W1QE,168.0,1,2,1.5,2,0.622626065021,0.495631768837
A3UUH3632AI3ZX,94.0,1,1,1.0,1,0.503889156096,0.469530141516
A3UV55HC87DO9C,62.6283185841,1,339,1.42772861357,339,0.562956668151,0.442588327323
A3VG66B6CI1EXN,85.0,1,3,2.0,3,0.699988930318,0.561075515625
A563JDEQMNQTI,59.3636363636,1,22,1.22727272727,22,0.36889271795,0.210008441261
A5B9P8NWX97L9,27.0,1,4,1.0,4,0.319462636896,0.220326102039
A5TI9UQEPLNWI,51.0,1,169,1.22485207101,169,0.741822730139,0.647179374653
A5V3ZMQI0PU3F,226.642857143,1,70,1.44285714286,70,0.555962293984,0.43586183646
A610SH5RY1NG1,28.8284518828,1,478,1.77615062762,478,0.584165937955,0.472363542897
A6FQHZ58DQ0S6,113.047619048,1,21,1.2380952381,21,0.579004471189,0.478207670903
A6JKKANO7F4KD,54.8,1,5,1.4,5,0.860426223429,0.819509628734
A7SM0NS3IFW96,94.4363636364,1,55,1.67272727273,55,0.408732351621,0.275291680336
A8NUCTL00M11Q,34.0,1,57,5.59649122807,57,0.0512523068464,0.0619588344392
A9AHVN33RO4QC,67.7222222222,1,18,1.0,18,0.244510833034,0.176602394436
ABX5OQLR6UNBC,44.9197994987,1,399,1.29072681704,399,0.685130679288,0.546434983308
ACGHHDT7RY1AH,58.5128205128,1,39,1.05128205128,39,0.693628385826,0.588749041995
ADAKTHXLJRCI7,104.5,1,4,2.0,4,0.517841808573,0.400906727525
ADD5IHZ1P6TLH,195.666666667,1,3,1.33333333333,3,0.752929412255,0.691902619893
ADJUMNMLC8H1I,110.5,1,2,2.0,2,0.647079890627,0.50767113927
ADVIE0ZHLWDDH,67.5,1,2,1.5,2,0.403790996742,0.342721972563
AGDDGSV1IQ0Z4,163.666666667,1,12,1.33333333333,12,0.225800644377,0.157206684975
AH4SMMFHDHK1L,63.2307692308,1,39,1.0,39,0.162558221515,0.12083949963
AHL33DDQX8O6K,48.3352941176,1,510,1.00588235294,510,0.589160800976,0.451296369356
AHYMX4ZJFUTXB,109.0,1,1,3.0,1,0.342572628877,0.337873742006
AIWEXPJAU66D9,428.0,1,1,1.0,1,0.186231940468,0.217607977298
AJPQEZBVJXVE9,35.7426160338,1,474,1.26371308017,474,0.715943303074,0.591112537874
AJWES6SFIP3AT,273.938202247,1,356,1.19943820225,356,0.502638223932,0.399794806489
AKD76XZXO3B2A,45.875,1,8,1.75,8,0.614348287098,0.436393049783
AKVDY8OXNMQED,94.4915254237,1,59,1.74576271186,59,0.574760961125,0.498882570034
AM155T4U3RE1A,30.9252336449,1,107,1.24299065421,107,0.804661289562,0.69838069065
AM5CFEE9TX19X,69.5454545455,1,99,1.09090909091,99,0.540695287622,0.39018555334
AMG9Y1YLBTKIV,60.2222222222,1,45,1.26666666667,45,0.438795818457,0.340116578011
AMUC6OI4A2GY4,150.0,1,1,4.0,1,0.00676025011341,0.00617283950617
AOAZMLP27GD81,122.5,1,2,1.0,2,0.0902894582524,0.0935480769798
AOEUCTT79ZS7N,59.7777777778,1,9,2.22222222222,9,0.236493380663,0.222925608959
AQOGPGGVR2RIA,49.78125,1,32,1.34375,32,0.568634839498,0.375006635786
AR72L0JX4D03W,96.0,1,1,1.0,1,0.175679968417,0.151017800179
ARFAW0SGYEMFL,96.3356973995,1,423,1.21749408983,423,0.548431802982,0.432404062018
ARIY7R4C3ZUIO,145.0,1,1,1.0,1,0.969560463498,0.961539089543
ARLGZWN6W91WD,42.1851851852,1,27,1.11111111111,27,0.415012729231,0.332917262556
ASI2B6A3Y556Z,70.375,1,8,1.125,8,0.250713481439,0.183964899145
ATR6RB1RULOC0,46.8,1,90,1.18888888889,90,0.579332878325,0.450400006652
AUUQ22FMSEEB9,206.571428571,1,14,1.28571428571,14,0.319588174712,0.168204700189
AV22FQTJNBUZT,72.5,1,22,1.77272727273,22,0.506687697545,0.401982247787
AVQGY7FCU80XP,47.1494252874,1,87,1.40229885057,87,0.595146327176,0.45618746079
AWQDOOSNH42QM,90.0,1,1,1.0,1,0.610376518532,0.471404520791
AWSXWPJJPYFMN,35.0,1,1,2.0,1,0.916271784112,0.884845532221
AYJGQBBK6KXZ7,38.5072463768,1,138,1.07246376812,138,0.542448731299,0.394136586586
AZJEGHE4605S5,45.3461538462,1,52,1.36538461538,52,0.727771447135,0.633488977052
1863418,33.5,1,4,1.5,4,0.729735326016,0.662984151827
1883056,65.0913978495,1,186,1.00537634409,186,0.39114524617,0.292799536274
1924522,26.6438356164,1,219,1.00913242009,219,0.594587603108,0.431228497792
2044524,67.0,1,1,1.0,1,1.0,1.0
2365036,85.0,1,1,1.0,1,0.445882285454,0.348650906912
2442840,78.0,1,4,1.5,4,0.0256863315195,0.0734762508921
2455062,15.6052631579,1,76,1.0,76,0.486866484283,0.363700329639
2647839,166.333333333,1,6,1.16666666667,6,0.127045787267,0.156534282321
3211114,64.25,1,8,1.625,8,0.772101284794,0.600802369927
3572312,44.9333333333,1,75,1.0,75,0.667867382124,0.547182218238
3587109,24.1587301587,1,315,1.01904761905,315,0.425761031613,0.296001224717
3731467,125.5,1,2,1.0,2,0.00239634744494,0.00378007676355
4287004,110.0,1,1,1.0,1,0.911197687566,0.882024779301
4316379,22.2682926829,1,287,1.00696864111,287,0.496711188601,0.365329820022
4354461,27.0175438596,1,57,1.0,57,0.270212993538,0.211308981027
4472550,64.6,1,5,1.0,5,0.417334958865,0.30673316304
4688131,78.4324324324,1,37,1.0,37,0.422815608483,0.346608708701
4711962,43.3913043478,1,46,1.02173913043,46,0.232183014836,0.163154092767
5007431,95.0,1,3,1.0,3,0.184950930805,0.215657465299
5203616,23.9473684211,1,19,1.57894736842,19,0.633863830354,0.542721007902
5915389,147.222222222,1,9,1.0,9,0.58691639806,0.434631565831
6010674,249.705882353,1,17,1.0,17,0.590645098179,0.48244335557
6309240,73.2352941176,1,34,1.02941176471,34,0.591689728246,0.484564517459
6330007,79.7333333333,1,45,1.06666666667,45,0.670967975281,0.515818640748
6335090,172.533333333,1,75,1.13333333333,75,0.138208779459,0.109969473738
6336109,78.4832535885,1,209,1.27272727273,209,0.586366406121,0.448610165064
6338159,49.9189189189,1,74,1.04054054054,74,0.248780270031,0.178013579847
6340330,71.5714285714,1,7,1.0,7,0.559395138344,0.381909877722
6344072,70.1755102041,1,245,1.31428571429,245,0.504125757803,0.36097729456
6417722,20.8,1,5,1.0,5,0.273190502083,0.183791836627
6488338,380.331818182,1,220,1.62272727273,220,0.562513495886,0.413176737745
6524027,39.2166666667,1,180,1.16111111111,180,0.603282606621,0.438364539552
6564167,126.75,1,4,1.0,4,0.431824265565,0.362063548275
6574449,30.2727272727,1,33,1.0,33,0.49422222038,0.379752554115
6744840,88.84,1,50,1.0,50,0.426277933092,0.279903445019
7051387,90.5769230769,1,26,1.0,26,0.61638249111,0.475170146709
7211526,43.125,1,8,1.0,8,0.444185166323,0.36316659142
7260572,60.0,1,6,1.5,6,0.421354292741,0.351043994561
7265244,65.2,1,5,1.0,5,0.0831378613572,0.0682686910592
7385617,35.6212121212,1,66,1.0303030303,66,0.536253166973,0.364853858641
7726579,106.0,1,1,1.0,1,0.0,0.0
8108990,64.5384615385,1,13,1.15384615385,13,0.739422402519,0.574766563395
8113120,110.0,1,7,1.42857142857,7,0.216142095888,0.209705245826
8178380,109.285714286,1,7,1.28571428571,7,0.402932797433,0.304516235173
8715359,69.9204545455,1,264,1.00757575758,264,0.695558144631,0.547005412324
8973353,21.3333333333,1,6,1.0,6,0.00756817041875,0.013049544265
9557163,85.5,1,4,1.25,4,0.487365685946,0.340441185016
10319610,36.6111111111,1,18,1.44444444444,18,0.623769461482,0.468702186917
10845465,47.0,1,2,1.0,2,0.0,0.0
10959404,22.4157303371,1,178,1.0393258427,178,0.609750848689,0.459726378554
10980423,221.6,1,10,1.5,10,0.646310128426,0.505784515941
11001780,105.415384615,1,195,1.24102564103,195,0.65080971871,0.487036487116
11026968,35.9666666667,1,30,1.0,30,0.290734498487,0.178879966091
11106820,108.130434783,1,23,1.0,23,0.705556517174,0.528763497962
11107830,120.833333333,1,6,1.16666666667,6,0.722770292076,0.623788589871
11257883,252.461538462,1,52,1.07692307692,52,0.424028347014,0.301393084594
11291592,18.4545454545,1,11,1.0,11,0.661454084475,0.566015647637
11338264,64.0,1,5,1.0,5,0.592313254018,0.53809321014
11460728,51.0275229358,1,327,1.05504587156,327,0.606074709826,0.440704501453
11521789,60.8461538462,1,26,1.0,26,0.695861647451,0.511934544963
11598752,96.0597014925,1,67,1.07462686567,67,0.633008365781,0.476775283295
12115558,33.5117647059,1,170,1.01764705882,170,0.490686350314,0.372858994106
12656479,19.2,1,5,1.0,5,0.441594006068,0.317063886457
12667324,81.2,1,5,1.0,5,0.806136238851,0.675295517983
13093803,158.0,1,1,1.0,1,0.0,0.0
13095205,63.6473429952,1,207,1.02415458937,207,0.507124599223,0.377369132013
13300986,46.3387755102,1,245,1.03673469388,245,0.537085523476,0.422088512724
13581319,20.0952380952,1,21,1.0,21,0.324516975833,0.247015833811
13621328,84.1428571429,1,7,1.0,7,0.660422504349,0.473059964394
14094962,335.9,1,20,1.4,20,0.590755723826,0.482644591865
14386965,61.3461538462,1,26,2.61538461538,26,0.214367871493,0.159139461431
14466721,82.4,1,10,1.0,10,0.78347668414,0.681151641679
14533189,96.0,1,10,1.7,10,0.399737513398,0.298713884749
14723284,25.3125,1,16,1.0,16,0.82574006251,0.73349097235
14848125,43.65,1,20,1.3,20,0.509404787444,0.381088823315
14861092,26.4615384615,1,39,1.0,39,0.603718726917,0.453301554489
15117831,25.9487179487,1,117,1.19658119658,117,0.603715348785,0.463204592387
15287417,29.3418803419,1,117,1.00854700855,117,0.404977503283,0.282075054795
15577915,21.384057971,1,138,1.02898550725,138,0.362292787205,0.256323564298
15679569,264.260869565,1,23,1.21739130435,23,0.607432464195,0.426449935872
15742641,49.75,1,8,1.0,8,2.51808609447e-05,0.000378850503882
15871675,34.1529411765,1,170,1.01764705882,170,0.506463308536,0.37982856278
16465220,37.2990654206,1,214,1.0046728972,214,0.448907646846,0.320338308609
16654434,72.1428571429,1,7,1.71428571429,7,0.0,0.0
16717147,24.5465116279,1,86,1.06976744186,86,0.2417754446,0.213137356072
16844474,137.555555556,1,9,1.0,9,0.763997668948,0.65022474752
16854635,70.1407942238,1,277,1.04693140794,277,0.589701279314,0.423644425235
17950689,115.78515625,1,256,1.0,256,0.177633336894,0.141560884925
18050262,40.7333333333,1,15,1.06666666667,15,0.751669170012,0.568114183409
18137958,1067.0,1,1,1.0,1,0.0,0.0
18215885,78.1203007519,1,266,1.01503759398,266,0.680502966796,0.52347191552
18531561,80.1827242525,1,301,1.63455149502,301,0.615184964275,0.478992447409
18611009,56.6,1,5,1.0,5,0.21471150261,0.1071887072
18666417,72.7534246575,1,292,1.57534246575,292,0.464565291376,0.358481440917
18672993,211.455399061,1,213,1.03755868545,213,0.411299810901,0.305216598884
18881135,48.8292682927,1,205,1.0,205,0.495950639914,0.356664460852
18956279,125.666666667,1,3,2.0,3,0.505010957015,0.41462198588
18960682,33.5754716981,1,212,1.25471698113,212,0.638746467051,0.499097241806
18969291,81.164556962,1,79,1.0,79,0.519256993509,0.380414911095
18972023,117.575757576,1,33,1.0,33,0.458318902205,0.353679165725
18979155,423.333333333,1,3,1.33333333333,3,0.674590969783,0.526036176117
19162475,7.0,1,1,2.0,1,0.0,0.0
19294877,59.1333333333,1,30,1.2,30,0.557236376227,0.439953211588
19302668,42.3611111111,1,108,3.19444444444,108,0.234077054606,0.186066619194
19543823,50.8571428571,1,7,1.0,7,0.818278905714,0.676720274177
19638651,29.0696202532,1,158,1.24050632911,158,0.597588199454,0.465458233636
19740138,72.1,1,10,1.9,10,0.68177511471,0.46163454165
19913374,18.6419753086,1,81,1.0,81,0.334315616436,0.244303806775
19947926,96.625,1,8,1.25,8,0.693860798337,0.564117450513
20057149,45.1111111111,1,9,1.11111111111,9,0.545886609837,0.40144675036
20270833,32.1666666667,1,12,1.0,12,0.415034623286,0.268651936644
20306047,47.4735099338,1,302,1.1357615894,302,0.634193745855,0.493200961608
20312760,29.0167597765,1,179,1.15642458101,179,0.5280861942,0.368966970232
20398835,44.2771084337,1,83,1.02409638554,83,0.418883679109,0.313249510239
20415133,27.0,1,1,1.0,1,0.0,0.0
20430407,37.1648351648,1,91,1.02197802198,91,0.598422852675,0.442695067515
20512953,50.0416666667,1,288,1.24305555556,288,0.586325137661,0.434678760466
20845955,35.6923076923,1,13,1.46153846154,13,0.542872270448,0.475759930283
20929875,178.703947368,1,304,1.16447368421,304,0.600325905818,0.460468753103
21017840,28.6666666667,1,18,1.38888888889,18,0.392621769961,0.291097011325
21088425,61.5333333333,1,15,1.13333333333,15,0.639719609668,0.446008280183
21122768,72.0,1,4,1.0,4,0.505354775994,0.311130751692
21418130,82.0,1,7,1.57142857143,7,0.429026676842,0.310297869647
21457135,50.1666666667,1,6,1.0,6,0.584690959349,0.489916093153
21490235,87.9847328244,1,262,1.02290076336,262,0.621583110617,0.454541997223
21524451,53.7826086957,1,69,1.75362318841,69,0.597575449411,0.464684264657
21579617,81.9230769231,1,13,1.38461538462,13,0.598688500543,0.468627335511
21665495,22.0065789474,1,152,1.03289473684,152,0.454380920426,0.321295606855
21832799,43.4054054054,1,37,1.0,37,0.556833942522,0.396328869532
21865639,88.0857142857,1,70,1.0,70,0.593601565903,0.438842689415
21875134,280.789634146,1,328,1.37195121951,328,0.627067208224,0.473072071573
21963184,43.8351648352,1,91,2.0,91,0.622986364415,0.506273071879
22124254,38.0,1,47,1.0,47,0.578041147563,0.434417121814
22222103,19.4285714286,1,7,1.28571428571,7,0.575383771551,0.450995592198
22251483,342.0,1,3,1.66666666667,3,0.810036114043,0.731662621127
22345789,120.857142857,1,21,4.28571428571,21,0.351644085736,0.296035361368
22387641,41.9,1,10,1.5,10,0.682292398772,0.575374253416
22389656,52.25,1,16,1.0,16,0.560124512797,0.347953540284
22438562,54.5,1,6,1.16666666667,6,0.635849463174,0.434255972832
22984878,36.8709677419,1,62,1.01612903226,62,0.455315704968,0.348465119789
23017572,89.3205574913,1,287,1.26829268293,287,0.533426640108,0.392589193841
23144069,44.4545454545,1,11,1.0,11,0.706185340803,0.603462257271
23287154,48.3846153846,1,13,1.84615384615,13,0.586345673517,0.460806516994
23503585,133.475409836,1,61,2.18032786885,61,0.447694409788,0.338765662653
23585686,49.1666666667,1,6,1.0,6,0.766111127271,0.656689291537
23854490,73.1818181818,1,11,1.27272727273,11,0.41262984875,0.333899937243
23930372,43.8,1,10,1.0,10,0.317422409582,0.244628101989
24043308,123.79389313,1,131,1.29007633588,131,0.549827490744,0.422447160449
24369927,63.8571428571,1,7,1.14285714286,7,0.655221715342,0.536791343941
24403612,33.4491017964,1,167,1.01796407186,167,0.562343298022,0.400834452402
24460114,44.9042553191,1,94,2.91489361702,94,0.0145905377782,0.0130736824242
24593639,264.333333333,1,3,1.66666666667,3,0.7890395867,0.716198025235
24636399,130.0,1,2,1.0,2,0.943474697925,0.921750392393
24696098,39.0865384615,1,104,1.00961538462,104,0.258756827645,0.184068104651
24835873,26.0952380952,1,210,1.0,210,0.414711904927,0.324795222209
25257275,41.6,1,15,1.0,15,0.597060748382,0.467811213632
25295869,156.25,1,4,1.0,4,0.0927514063528,0.0680284742161
25358609,46.5108695652,1,92,1.38043478261,92,0.628202707105,0.484527063944
25486037,69.4686346863,1,271,1.0221402214,271,0.613840285502,0.445824866697
26318060,45.8333333333,1,6,1.33333333333,6,0.538462572416,0.412006384686
26492726,26.5161290323,1,93,1.01075268817,93,0.562738549474,0.397781136658
26531841,62.024691358,1,81,1.24691358025,81,0.659585924351,0.519391921176
26649250,66.1666666667,1,12,1.0,12,0.2634508628,0.221460123815
26770238,57.5,1,6,1.0,6,0.173364552438,0.15323290649
27238250,85.2941176471,1,17,1.05882352941,17,0.690201034872,0.640230406492
27753923,10.0,1,1,1.0,1,0.0,0.0
27770607,34.3636363636,1,220,1.05909090909,220,0.58326659931,0.423947997955
27799967,29.5168539326,1,89,1.01123595506,89,0.528484368643,0.401473336031
27836433,72.3958333333,1,48,1.02083333333,48,0.554018741931,0.421125542285
27934334,47.4262295082,1,305,1.04590163934,305,0.634265007495,0.482245878979
28081782,69.0,1,1,1.0,1,0.0,0.0
28103910,60.5555555556,1,9,1.22222222222,9,0.631310939971,0.482113330635
28301350,30.1052631579,1,19,1.63157894737,19,0.639283230221,0.471805761022
28351359,25.6325878594,1,313,1.00958466454,313,0.618121335986,0.457289445471
28375976,91.0,1,1,1.0,1,0.90546078127,0.882024779301
28457001,78.0,1,5,1.0,5,0.450235535834,0.418399404681
28503763,145.396226415,1,159,1.01257861635,159,0.614612997728,0.446903540414
28513847,49.1363636364,1,22,1.27272727273,22,0.614159138243,0.490536006695
28524232,54.5,1,2,1.0,2,0.791992051302,0.639809948377
28709211,163.0,1,2,1.0,2,0.284915342091,0.279078152826
28774264,33.4242424242,1,33,1.33333333333,33,0.533222405374,0.384257239284
28794143,83.5666666667,1,30,1.6,30,0.498330572054,0.407256641384
28961801,45.3,1,10,1.1,10,0.517653931234,0.406724956991
29275930,121.915789474,1,190,1.01052631579,190,0.509751281268,0.384360745333
29320202,78.75,1,8,1.5,8,0.579223627616,0.461565937052
29363385,76.5833333333,1,12,1.0,12,0.123169025436,0.109854963555
29411108,39.2392156863,1,255,1.0,255,0.612073803684,0.46360583988
29738307,71.8,1,5,1.8,5,0.543958991252,0.406837015361
29768955,43.0,1,24,1.5,24,0.623418919775,0.453337044151
29849805,108.8,1,5,1.2,5,0.376262858033,0.287756677562
29910179,75.5555555556,1,9,1.11111111111,9,0.403322254537,0.351368354211
30264033,23.7142857143,1,14,1.0,14,0.589485746976,0.44101682197
30312592,63.4390243902,1,164,1.0,164,0.500418185579,0.357160882021
30321275,62.487804878,1,41,1.34146341463,41,0.402706780695,0.260980000084
30398579,43.8333333333,1,6,1.16666666667,6,0.705182598355,0.578231560661
30475714,75.75,1,4,2.0,4,0.139924139682,0.238716740492
30504276,73.2971014493,1,138,1.01449275362,138,0.493379789792,0.370735204065
30546513,52.2352941176,1,17,1.0,17,0.673227175175,0.508064060089
30586739,52.6666666667,1,9,1.0,9,0.816647935846,0.703354627511
30627835,36.7272727273,1,33,1.0,33,0.610403815613,0.46186765726
30681826,94.8554216867,1,249,1.24899598394,249,0.613479854096,0.465694656058
30762019,71.8333333333,1,6,1.0,6,0.500581737436,0.410061356096
30777913,33.1325757576,1,264,1.58333333333,264,0.297740506238,0.220524314154
30782237,22.8214285714,1,28,1.0,28,0.65419261838,0.492719279463
30901412,32.9012345679,1,81,1.04938271605,81,0.577731342866,0.435616154388
30941227,52.8070175439,1,57,1.24561403509,57,0.337648826758,0.226396570407
30957357,84.4285714286,1,7,1.71428571429,7,0.215579028758,0.227920716794
30962210,55.1935483871,1,31,1.74193548387,31,0.491363342826,0.427317971144
31089452,43.6666666667,1,6,1.0,6,0.430813382651,0.247671825596
31176117,45.0,1,139,1.05755395683,139,0.603898130965,0.464169220861
31184650,38.9347826087,1,46,1.17391304348,46,0.443490655267,0.306297047351
31228275,59.5454545455,1,11,1.0,11,0.392154221872,0.277128317239
31256687,19.2272727273,1,22,1.0,22,0.47633339981,0.336519021186
31260517,102.333333333,1,6,1.33333333333,6,0.289428622578,0.250500739181
31304413,39.5,1,30,1.06666666667,30,0.699941459056,0.532564998353
31329809,66.16,1,50,1.28,50,0.272261729437,0.213427719087
31345986,101.0,1,6,1.5,6,0.795454823553,0.710670251512
31383873,26.1666666667,1,6,1.0,6,0.0613773886402,0.0345562281944
31448050,47.1875,1,16,1.0625,16,0.612799922637,0.470829179384
31508822,97.5755395683,1,139,1.0,139,0.380854234403,0.277039148616
31650069,35.3356643357,1,143,1.1958041958,143,0.647187793557,0.51008842507
31708939,35.0,1,238,1.44957983193,238,0.643819808157,0.480957942843
31738779,123.43812709,1,299,1.01003344482,299,0.533376935195,0.409458549818
31743852,25.0,1,37,1.0,37,0.601888792716,0.436718526255
31883685,49.1246105919,1,321,1.0,321,0.623204188437,0.45752072022
31948170,39.1111111111,1,9,1.0,9,0.422167059574,0.240236035265
31967679,58.1428571429,1,7,1.42857142857,7,0.42454205812,0.355789031831
31973624,70.7,1,10,1.0,10,0.0395596130395,0.0781854138465
31988217,35.5023474178,1,213,1.18309859155,213,0.638666451738,0.495629132339
32053642,28.2285714286,1,35,1.0,35,0.349444136631,0.217551038651
32094044,40.0,1,5,1.0,5,0.473352099397,0.463459748154
32125821,53.5714285714,1,7,1.0,7,0.330548800061,0.22045293438
32173500,51.2,1,105,1.0,105,0.537409271507,0.403383728942
32196055,325.0,1,1,3.0,1,0.352462121121,0.429188734737
32292681,112.0,1,1,1.0,1,1.0,1.0
32338429,32.972972973,1,37,1.02702702703,37,0.207078108996,0.179414681718
32352104,32.4444444444,1,63,1.01587301587,63,0.476116527242,0.357102419742
32356401,76.75,1,8,1.0,8,0.40780684356,0.356255918033
32363453,35.4285714286,1,14,8.07142857143,14,0.0240015978967,0.0303324355027
32523974,29.3863636364,1,44,1.0,44,0.0830241071946,0.0731659424257
32573092,98.7307692308,1,26,1.07692307692,26,0.429517847538,0.329922071346
32655637,56.5,1,6,1.0,6,0.557727969318,0.409596996957
32695853,93.8695652174,1,46,1.26086956522,46,0.420345839182,0.276155588936
32799278,18.4,1,10,1.0,10,0.154554504801,0.159797121549
32850083,50.2,1,5,1.0,5,0.658896631553,0.42161373193
32987272,28.8108108108,1,37,1.05405405405,37,0.474343517489,0.320930638576
33018272,77.976744186,1,43,1.3488372093,43,0.236088308655,0.170207976754
33024386,80.2142857143,1,14,1.71428571429,14,0.431661006497,0.29586575328
33057016,139.62962963,1,27,1.74074074074,27,0.328280181497,0.310271962552
33058612,30.5,1,4,1.0,4,0.430610281816,0.294712578403
33110177,86.8571428571,1,7,1.14285714286,7,0.723289806219,0.491848457418
33115750,63.9642857143,1,56,1.0,56,0.519567455301,0.392988061237
33245009,189.285714286,1,7,1.0,7,0.477518885264,0.350463684702
33274628,93.0,1,1,1.0,1,1.0,1.0
33280016,162.0,1,1,1.0,1,0.770106729287,0.747851959276
33330229,56.75,1,8,1.0,8,0.663544178411,0.475322714139
33402064,124.428571429,1,7,1.0,7,0.220943700173,0.149600980762
33427067,25.2307692308,1,13,1.0,13,0.488825666955,0.347053674307
33432621,74.0895522388,1,134,1.0223880597,134,0.272152493289,0.226199803053
33435788,73.170212766,1,47,1.21276595745,47,0.333289505061,0.210899484276
33469168,66.9032258065,1,31,1.25806451613,31,0.490841353103,0.384527126047
33565158,83.1678832117,1,137,1.03649635036,137,0.686260716101,0.527834795254
33675808,40.9705882353,1,34,1.0,34,0.356903027032,0.239396827081
33684645,204.0,1,2,2.0,2,0.530680478082,0.329001914375
33708599,93.6973684211,1,76,1.51315789474,76,0.572347341665,0.462228465409
33721681,133.25,1,4,1.0,4,0.884159828746,0.749455456756
33729510,92.0,1,1,1.0,1,0.683416115197,0.596284794
33753638,58.4285714286,1,7,1.14285714286,7,0.69156109106,0.530772626896
33836450,37.0,1,1,1.0,1,0.16197607174,0.170531697988
33878524,168.625,1,16,1.0,16,0.767552836716,0.585712064378
33915034,9.90909090909,1,11,1.72727272727,11,0.00125179776915,0.00460756230767
33920167,102.857142857,1,7,1.28571428571,7,0.575523637174,0.366428243889
34042603,63.619047619,1,42,1.0,42,0.0455766213901,0.0736641406421
34179439,55.3333333333,1,6,1.0,6,0.915385279678,0.811235740823
34257798,94.625,1,16,1.3125,16,0.720324709264,0.583084217744
34289442,107.571428571,1,7,1.42857142857,7,0.822093502679,0.694288591761
34305531,31.9047619048,1,21,1.0,21,0.666214227718,0.492500996644
34333895,79.7142857143,1,7,1.14285714286,7,0.615720982402,0.401363990242
34537475,124.0,1,2,1.0,2,0.833598764771,0.634085452729
34650780,30.1333333333,1,15,1.0,15,0.633849642226,0.565960006288
34701616,128.947368421,1,19,1.84210526316,19,0.632547191813,0.515171624019
34706258,68.5625,1,16,1.25,16,0.709778986827,0.530854866567
34727841,46.9285714286,1,14,1.64285714286,14,0.299333703355,0.226191766111
34747155,439.0,1,2,1.0,2,0.901438241155,0.882024779301
34788729,205.35,1,20,1.6,20,0.633429658082,0.534670718579
34859044,161.8,1,5,1.2,5,0.524345952274,0.326045120639
34915826,66.7272727273,1,22,1.09090909091,22,0.551721961147,0.394575174009
34928865,84.6153846154,1,13,1.0,13,0.56528930625,0.502076899676
34942809,53.65,1,20,1.0,20,0.684090564697,0.482867599952
35061798,248.0,1,1,1.0,1,0.990239589341,0.882024779301
35103310,105.0,1,5,1.0,5,0.600815499002,0.379615109102
35118307,71.4285714286,1,7,1.0,7,0.527357903519,0.444808508161
35127109,98.0,1,3,1.0,3,0.0930463375046,0.0780495310212
35206299,211.0,1,1,1.0,1,0.930736647131,0.762374712415
35242242,86.0769230769,1,13,1.07692307692,13,0.603263251604,0.453662938842
35308542,252.0,1,1,1.0,1,0.699336982931,0.64051261522
35320759,64.0,1,8,1.0,8,0.617501278656,0.419802181999
35394287,25.8181818182,1,253,1.01185770751,253,0.436836981243,0.31138751431
35407670,25.0,1,41,1.0,41,0.30783207327,0.191316614201
35443078,41.625,1,8,1.375,8,0.214507326787,0.195301830451
35473724,49.4,1,10,1.0,10,0.0208300106449,0.0236734381734
35496876,58.2554744526,1,137,1.42335766423,137,0.293027995082,0.218852078714
35607359,27.5333333333,1,30,1.2,30,0.589690714462,0.467201972654
35730547,116.571428571,1,7,1.28571428571,7,0.532434682231,0.47849762069
35739727,205.0,1,1,4.0,1,0.142166371324,0.163126789705
35751448,38.8,1,20,1.65,20,0.448993784459,0.340840053108
35774053,30.75,1,4,1.0,4,0.567771266914,0.446005491969
35849301,94.8125,1,32,1.125,32,0.595408641962,0.424115754268
35868781,97.2857142857,1,7,1.0,7,0.542198015137,0.403669166596
35936381,14.8571428571,1,7,1.0,7,0.0672711271565,0.0819996726513
36100207,90.25,1,4,1.0,4,0.503080130439,0.368865363297
36120362,209.0,1,1,1.0,1,0.0,0.0
36155226,17.3333333333,1,3,1.0,3,2.53842460651e-05,0.000535756835312
36159158,72.3333333333,1,3,1.0,3,0.116763971723,0.0830946621418
36218728,71.5,1,8,1.0,8,0.652660841302,0.453333081912
36240629,63.6363636364,1,11,1.0,11,0.48109692419,0.354470232586
36261795,43.9183673469,1,49,1.22448979592,49,0.563510622154,0.415668070149
36267735,26.375,1,8,1.0,8,0.612293216587,0.366237459495
36304401,88.5,1,30,1.23333333333,30,0.461331812664,0.348242073816
36313199,35.641025641,1,156,1.41025641026,156,0.637328208776,0.492841421274
36340274,316.24137931,1,203,1.0,203,0.465543855925,0.356719521012
36350388,128.4375,1,32,1.1875,32,0.694751380646,0.488629296379
36405459,50.1875,1,16,1.0,16,0.567629776654,0.402973074608
36430872,30.125,1,8,1.25,8,0.464578176509,0.351220151159
36448777,42.3962264151,1,53,1.0,53,0.60554958063,0.461087872954
36468960,49.7741935484,1,31,1.06451612903,31,0.67138040934,0.498137655893
36489962,53.4964285714,1,280,1.0,280,0.633271023609,0.476806964748
36500598,85.0,1,6,1.0,6,0.71934247395,0.62037245741
36501503,47.9189189189,1,111,1.43243243243,111,0.675637896416,0.548316688071
36517633,46.1666666667,1,6,1.0,6,0.222206105169,0.197193763832
36518946,67.6666666667,1,9,1.11111111111,9,0.310429910047,0.263938974158
36530035,65.8484848485,1,33,1.36363636364,33,0.64026247157,0.487308820452
36559976,61.75,1,8,1.125,8,0.494917000263,0.372363851186
36568312,45.7142857143,1,7,1.0,7,0.782964828564,0.670265998581
36600154,213.769230769,1,13,1.23076923077,13,0.790517650389,0.695629984793
36616997,112.0,1,3,1.0,3,0.685446047844,0.415836145666
36678859,95.1666666667,1,6,1.33333333333,6,0.748194549485,0.554375543212
36686636,202.0,1,6,1.0,6,0.427433199865,0.386672624929
36781223,51.625,1,8,1.0,8,0.398447737076,0.327797430711
36781511,54.4,1,10,1.7,10,0.409952797314,0.293053178626
36795545,75.6590909091,1,44,1.34090909091,44,0.381902361279,0.245884713945
36812057,93.2142857143,1,14,1.64285714286,14,0.558668633238,0.4540349777
36826029,84.0916334661,1,251,1.09960159363,251,0.615780188982,0.467757823404
36837746,89.8,1,5,1.0,5,0.378376736157,0.241536588518
36851940,72.9908256881,1,327,1.07339449541,327,0.544735887452,0.397860271988
36871506,187.888888889,1,9,1.0,9,0.219665308803,0.143387609929
36909846,227.75,1,4,1.5,4,0.228582877128,0.216524328206
36913780,104.8,1,5,1.2,5,0.771825547471,0.578569701885
37011810,264.5,1,2,1.0,2,0.157100120369,0.20189728414
37012492,140.538461538,1,65,1.12307692308,65,0.604225030441,0.475397558972
37053183,75.3684210526,1,19,1.73684210526,19,0.748121772174,0.559263011305
37060395,30.1923076923,1,130,1.1,130,0.672226690309,0.520157790001
37079883,20.2705882353,1,85,1.48235294118,85,0.676965287479,0.553434485561
37094049,34.25,1,4,1.0,4,0.577741708514,0.418089747619
37094596,139.923076923,1,39,1.05128205128,39,0.301187837127,0.224948775325
37098004,107.512820513,1,39,1.76923076923,39,0.383673019017,0.316322903097
37102649,52.0,1,2,1.0,2,0.960392653928,0.821864139806
37108400,79.0714285714,1,28,1.0,28,0.60795853325,0.424617485244
37121659,61.5,1,6,1.0,6,0.469721397919,0.315428924224
37145875,184.5,1,2,1.0,2,0.750976140904,0.762374712415
37206449,101.642857143,1,14,1.28571428571,14,0.440082439954,0.335299923032
37249532,98.2413793103,1,29,1.06896551724,29,0.295783045038,0.220022496934
37258901,45.0,1,5,1.0,5,0.476400786859,0.299874776817
37264533,65.0,1,1,1.0,1,0.0,0.0
37336603,59.2222222222,1,9,1.0,9,0.329627087156,0.291958798373
37368882,141.0,1,1,1.0,1,0.269421414104,0.19245008973
37378324,105.666666667,1,9,1.0,9,0.685240477539,0.424196364479
37388839,47.5,1,6,2.33333333333,6,0.463874659289,0.345345585069
37415218,548.0,1,1,1.0,1,0.360996602608,0.342133492853
37444739,20.9444444444,1,18,1.11111111111,18,0.679266619565,0.526646659924
37455907,300.0,1,1,1.0,1,0.751557062283,0.762374712415
37480948,46.880952381,1,126,1.31746031746,126,0.468481534267,0.35074510498
37488421,70.0833333333,1,12,1.08333333333,12,0.66946991326,0.465754767583
37496830,59.8,1,5,1.2,5,0.851497670012,0.688223935458
37501225,56.1111111111,1,9,1.0,9,0.0107166598862,0.0233304009742
37559426,23.1134020619,1,97,1.31958762887,97,0.531443645652,0.398052436879
37574526,33.1935483871,1,31,1.09677419355,31,0.233837015916,0.188127088007
37604123,47.3333333333,1,18,1.27777777778,18,0.653825497415,0.466157638012
37604477,37.5,1,8,1.125,8,0.366686011601,0.284936554318
37654450,46.2941176471,1,17,1.17647058824,17,0.339916311009,0.297423958474
37657237,50.0,1,2,1.0,2,0.833595815011,0.769938176121
37678342,64.447761194,1,67,1.58208955224,67,0.535218198306,0.410792344131
37692662,49.0,1,4,1.0,4,0.648159574571,0.44855638056
37710009,48.5555555556,1,9,1.0,9,0.623672184112,0.43715223384
37739447,95.0,1,1,1.0,1,0.40743138986,0.309471388366
37740195,103.666666667,1,6,1.0,6,0.401868492856,0.361697393953
37758476,56.7142857143,1,7,1.14285714286,7,0.514042512798,0.406964710954
37766446,84.1278195489,1,133,1.66165413534,133,0.609307588834,0.49235465927
37779726,75.5714285714,1,7,1.0,7,0.264919855019,0.162790498888
37781749,93.0,1,7,1.42857142857,7,0.465873030044,0.286713397694
37786853,84.7142857143,1,21,1.47619047619,21,0.42874900982,0.342089275102
37796006,69.0,1,2,1.0,2,0.443802216709,0.500361456748
37832891,48.6666666667,1,9,1.0,9,0.811045365959,0.650031774004
37862400,109.123809524,1,105,1.0,105,0.483223682632,0.367586848974
37910219,139.444444444,1,9,1.44444444444,9,0.634599871056,0.481099158179
37968301,91.0,1,8,2.125,8,0.545385322773,0.420280491349
37986344,34.6,1,5,1.0,5,0.0731147506172,0.0635421001541
38099600,165.666666667,1,6,1.0,6,0.662249265892,0.505947863942
38119237,37.125,1,16,1.25,16,0.723536018108,0.575034554405
38131046,150.846153846,1,13,1.07692307692,13,0.2737184474,0.182838428169
38137559,183.846153846,1,13,1.46153846154,13,0.443038168346,0.343536663867
38158803,45.4144736842,1,152,1.00657894737,152,0.383395665756,0.304827790007
38170415,23.8461538462,1,39,1.0,39,0.557095984557,0.436212640754
38193581,23.0,1,3,1.0,3,0.526428758784,0.405183850896
38198526,105.315789474,1,19,1.0,19,0.588847000277,0.43347224294
38212016,111.85,1,20,1.15,20,0.552932367241,0.387290563234
38227254,40.5555555556,1,72,1.09722222222,72,0.465233401349,0.360357140685
38236043,62.4285714286,1,21,1.0,21,0.571606637962,0.443473368619
38344301,89.6,1,15,1.8,15,0.578634700736,0.386481833753
38352024,49.0,1,5,1.2,5,0.71013565971,0.531515302406
38389710,156.0,1,1,1.0,1,0.000245033423796,0.00664015894075
38416468,52.8587570621,1,177,1.42937853107,177,0.278987433721,0.223712359291
38420658,11.25,1,4,1.0,4,0.476875851421,0.444701089543
38479796,42.4210526316,1,114,1.0350877193,114,0.289078096849,0.213116179959
38554823,326.0,1,1,1.0,1,0.814939388679,0.747851959276
38578717,72.0,1,3,1.0,3,0.809602699097,0.766376322462
38618256,38.4,1,10,1.0,10,0.626585117437,0.476713133498
38637183,87.6,1,5,1.2,5,0.420214886557,0.390642860753
38647352,54.3695652174,1,46,1.36956521739,46,0.410204795508,0.309957927022
38660813,57.0,1,3,2.0,3,0.242504816364,0.244364555681
38688954,50.3157894737,1,19,1.78947368421,19,0.619881697239,0.498044895866
38721803,237.0,1,1,1.0,1,0.940589207666,0.882024779301
38733067,37.5882352941,1,17,1.47058823529,17,0.000332634374572,0.000597078435892
38737952,42.8,1,5,1.0,5,0.572700513488,0.395669074776
38737994,67.7142857143,1,7,1.42857142857,7,0.572268258204,0.469663115152
38750295,22.0869565217,1,92,1.14130434783,92,0.442845317097,0.322695526945
38770881,96.9516129032,1,62,1.24193548387,62,0.545950729386,0.434387858904
38778987,52.8636363636,1,22,1.27272727273,22,0.656949785233,0.455700358217
38804517,57.4,1,5,1.0,5,0.0810127088388,0.0598741145485
38832127,146.666666667,1,3,1.66666666667,3,0.391838521377,0.396771940627
38832652,77.3333333333,1,6,1.5,6,0.528257876392,0.434601520251
38846285,132.0,1,4,1.5,4,0.382634381227,0.252113262503
38846365,96.5576923077,1,52,1.01923076923,52,0.425161304713,0.335512752601
38858102,74.2727272727,1,11,1.36363636364,11,0.73075346968,0.566749589467
38924192,140.0,1,6,1.0,6,0.43659585862,0.19795068602
38934298,128.666666667,1,6,2.0,6,0.554894650815,0.473930295526
38943773,130.5,1,8,1.625,8,0.239044308794,0.177950775749
38971814,34.2747252747,1,91,5.42857142857,91,0.022709656079,0.0216032054747
38977407,94.3333333333,1,6,1.66666666667,6,0.644085936345,0.492267143191
38989286,153.5,1,2,1.5,2,0.722008381495,0.671013799589
38992703,185.0,1,3,1.0,3,0.743806789033,0.604566862012
39016270,68.1546391753,1,97,1.29896907216,97,0.54964964462,0.412928203193
39017656,94.3018181818,1,275,1.00363636364,275,0.421421211805,0.313117799762
39019026,42.3,1,30,1.0,30,0.501074438743,0.407542363112
39034513,218.0,1,1,1.0,1,0.65939409607,0.709894597839
39060738,50.2068965517,1,29,1.20689655172,29,0.505487729232,0.385462456137
39061629,38.8,1,10,1.0,10,0.615224514775,0.499326360945
39063329,60.5,1,2,4.0,2,0.482059252833,0.469196097567
39064633,49.4285714286,1,7,1.42857142857,7,0.219156501161,0.268407355324
39071827,26.0666666667,1,195,1.4,195,0.62636630358,0.461516908306
39092637,56.5555555556,1,9,1.22222222222,9,0.708565627135,0.596192253551
39103891,6.0,1,1,1.0,1,0.807677380095,0.762374712415
39107980,66.3947368421,1,152,1.53289473684,152,0.326176603512,0.23539227112
39109585,20.6666666667,1,57,1.45614035088,57,0.620768163476,0.503554266853
39116277,76.0,1,1,1.0,1,0.813161844681,0.747851959276
39116490,55.0204081633,1,196,1.46428571429,196,0.300945775929,0.221664753527
39123033,108.714285714,1,7,1.0,7,0.500763817911,0.398906271916
39127504,71.3333333333,1,3,1.33333333333,3,0.859635454701,0.805341895652
39127639,128.666666667,1,3,2.33333333333,3,0.380216713016,0.237819941822
39134251,90.0,1,7,2.28571428571,7,0.302719954185,0.251559961001
39143986,89.8571428571,1,7,1.42857142857,7,0.335915021627,0.257474228522
39144959,31.3333333333,1,3,3.66666666667,3,0.00316516773395,0.00288838163912
39151155,110.518248175,1,137,1.94160583942,137,0.577115159502,0.450653384545
39151853,55.75,1,40,1.45,40,0.512701781687,0.412086907392
39153339,83.5,1,4,2.0,4,0.383330396077,0.27302056087
39163333,43.12,1,25,1.52,25,0.557247189484,0.414796225112
39179496,66.4285714286,1,42,1.28571428571,42,0.629799597094,0.449626840266
39188662,305.0,1,1,6.0,1,0.0134037654693,0.0181895042813
39193836,30.380952381,1,42,1.02380952381,42,0.649078309103,0.480504143108
39196062,100.75,1,8,1.5,8,0.793037927128,0.633294650683
39201426,60.7798165138,1,109,1.45871559633,109,0.346289738462,0.242221065848
39205799,120.0,1,3,1.0,3,0.420842911304,0.333462793489
39215760,90.1428571429,1,7,1.14285714286,7,0.413505636546,0.32488805477
39222861,85.0,1,1,1.0,1,0.85255986717,0.771349387464
39225759,86.4285714286,1,7,1.71428571429,7,0.226698962676,0.169599886043
39226056,59.8648648649,1,37,1.7027027027,37,0.655372258742,0.511966352064
39255324,46.8,1,5,1.4,5,0.645669079273,0.558053669935
39258480,61.4,1,5,2.2,5,0.63470139832,0.53360029723
39259142,213.4,1,10,1.2,10,0.47634594702,0.34046040212
39263214,353.0,1,3,1.0,3,0.00282370786435,0.0079907937179
39263239,370.666666667,1,3,1.0,3,0.00141824968116,0.00172874084448
39269480,46.2142857143,1,14,1.07142857143,14,0.209867492173,0.150816021727
39273993,431.142857143,1,7,1.28571428571,7,0.478802320078,0.350198175105
39292444,68.9090909091,1,11,1.18181818182,11,0.2850854834,0.265723701873
39293909,73.0833333333,1,12,1.08333333333,12,0.305894644007,0.258964266516
39293921,61.6,1,5,1.4,5,0.805998027659,0.695760113696
39294445,17.3333333333,1,3,3.33333333333,3,0.429995110401,0.195453022147
39299719,110.2,1,5,1.4,5,0.81534949449,0.717155911092
39301476,146.045454545,1,22,1.04545454545,22,0.609292789075,0.445172367655
39319590,110.0,1,1,1.0,1,0.0281869989338,0.0226804605813
39352052,296.0,1,1,2.0,1,0.0,0.0
39363815,169.0,1,2,3.5,2,0.200790069057,0.130073464034
39368400,112.916666667,1,12,1.0,12,0.649640350504,0.481027438567
39394752,113.0,1,1,4.0,1,0.469156401445,0.397771256958
39395371,73.0,1,6,1.16666666667,6,0.207139458189,0.159371458137
39397789,124.333333333,1,3,1.33333333333,3,0.431386667062,0.201287077134
39433968,57.8888888889,1,9,1.0,9,0.315831304803,0.320512401337
39451560,54.0,1,4,1.0,4,0.172982619762,0.144505004422
39486575,69.125,1,8,1.0,8,0.386832768157,0.33124381075
