,duration,job,judgment,output.rellist.count,spam,unit,worker-agreement,worker-cosine,wqs
A03922113RU44GENR8ATX,100.365034965,1,715,1.03776223776,False,715,0.558589052136,0.252180364219,0.595192564482
A110KENBXU7SUJ,42.9193548387,1,62,1.17741935484,False,62,0.524300854841,0.253923594003,0.54117895757
A11TREGDHSUSJW,84.0,1,1,2.0,False,1,0.30612244898,0.233593684279,0.343085283925
A12SMSQ6D5227J,76.3333333333,1,3,2.66666666667,False,3,0.358585858586,0.336923484464,0.315802252801
A13I8ASC3JQ04P,51.299734748,1,377,1.15119363395,False,377,0.558968549708,0.235178414943,0.609980016795
A14WWG6NKBDWGP,49.8118518519,1,675,1.25185185185,False,675,0.473489473984,0.279757503671,0.518243544971
A150CIC6SJN8JC,103.736263736,1,91,1.04395604396,False,91,0.574199701663,0.228046025252,0.601363377789
A15NNYXDLCI2SR,99.2876712329,1,365,1.05479452055,False,365,0.438057672287,0.378705592664,0.429807567126
A17D6BK59S31BM,118.5,1,6,2.16666666667,False,6,0.295102339181,0.489469877396,0.296496284808
A17J1CE7N49Z9D,100.333333333,1,6,1.0,False,6,0.203949052739,0.678027119597,0.133620981293
A18G2CLYSTENK,62.5775729647,1,651,1.00153609831,False,651,0.536746130097,0.283188006252,0.542429211962
A1909MOQZUXZZ5,217.0,1,1,2.0,False,1,0.583333333333,0.00853986601633,0.73219056456
A191DEPTV6AID1,116.666666667,1,3,1.0,False,3,0.678362573099,0.2272819024,0.625147369523
A19BMRBO5UAD6H,37.0434782609,1,46,1.19565217391,False,46,0.516543807434,0.326315478272,0.430412804018
A1BAEFJ2OG7NJ0,125.0,1,1,1.0,False,1,0.25,0.437121964216,0.193074383594
A1C59M3HPCO503,34.1818181818,1,11,1.09090909091,False,11,0.630551125288,0.147651275066,0.71369074254
A1CA46R2A6TV9W,18.7045454545,1,44,1.0,False,44,0.536063188206,0.337419472402,0.418905480264
A1CYOGFBBYTW3G,97.0,1,1,2.0,False,1,0.242857142857,0.298353584554,0.217274197712
A1D9FOXZ0UT0L2,27.0,1,1,1.0,False,1,0.249206349206,0.475327817703,0.160299150733
A1DABMXVWWL0TR,197.304347826,1,23,1.82608695652,False,23,0.578745602447,0.273741373884,0.54027968012
A1DRFDGG2KCOI2,97.5302013423,1,894,1.10514541387,False,894,0.470341798571,0.316962300863,0.466545582901
A1DXFMUVK5015A,43.6666666667,1,12,1.25,False,12,0.359027251684,0.417784875502,0.337017882523
A1E235KE3CSO7H,118.5,1,2,2.0,False,2,0.507916666667,0.279014590196,0.608958619738
A1EQ2HDHF2WWSY,26.6754966887,1,151,1.0,False,151,0.60051879919,0.234964848617,0.592053162497
A1FGKIKJYSL1MI,45.0909990109,1,1011,1.76953511375,False,1011,0.542102139448,0.195821838819,0.613996739602
A1G94QON7A9K0N,68.3188976378,1,1016,1.48326771654,False,1016,0.562848111747,0.175558245631,0.658268573556
A1GKEEI844CEKI,73.8419811321,1,424,1.8820754717,False,424,0.411752075033,0.379982994241,0.362016202095
A1I9U0HRRM0E6C,91.6153846154,1,39,1.5641025641,False,39,0.661687293985,0.0826459391921,0.782216236732
A1IFIK8J49WBER,93.75,1,12,1.75,False,12,0.569457056042,0.163361247158,0.692340813313
A1L3937MY09J3I,63.0,1,1,3.0,False,1,0.499829931973,0.140580530993,0.675585981771
A1LUWOV426JV1N,179.56097561,1,41,1.17073170732,False,41,0.45583194441,0.387569454231,0.402586847921
A1NEHADW7ODHQT,195.0,1,1,1.0,False,1,0.207482993197,0.587918308154,0.111478238199
A1OKNQ2JEXW34Q,47.3333333333,1,3,1.0,False,3,0.815170940171,0.0755424262586,0.824233459757
A1P7U2ULSAE7YL,227.5,1,4,2.5,False,4,0.415093537415,0.227065184111,0.54381490105
A1PJLZSOUQ4MIL,202.007936508,1,252,1.05158730159,False,252,0.578993971365,0.228421153404,0.612112152924
A1PQNUX4BZE5O0,80.2916666667,1,72,1.70833333333,False,72,0.211583200658,0.512027170225,0.197359770889
A1QNHP262DXUDH,254.0,1,1,1.0,False,1,0.476666666667,0.326810932502,0.442997588768
A1RT9SQ9D9DLOV,88.6390532544,1,169,1.01775147929,False,169,0.533609950146,0.232563186248,0.612267571562
A1RXG8RE0SJ4LC,120.0,1,1,2.0,False,1,0.238095238095,0.386059386485,0.165186237297
A1T9DFT0XOO3V5,66.3125,1,48,14.0,False,48,0.0944898738814,0.516652276091,0.121358906873
A1U1XZTSLNDZG5,20.0,1,1,5.0,False,1,0.148148148148,0.510102051443,0.180120220494
A1UP0R6KHEB4O,358.0,1,1,1.0,False,1,0.285714285714,0.535009445025,0.158358030956
A1X94LTZZQMHTP,19.7959183673,1,98,1.02040816327,False,98,0.415030507935,0.467640869587,0.336519511775
A1XH05IKC77OXO,85.5,1,4,1.0,False,4,0.49053030303,0.353106725784,0.464754352683
A1Y0Y6U906ABT5,299.0,1,1,1.0,False,1,0.285714285714,0.563564219528,0.148915781994
A1Z6F664MYBMVI,201.0,1,1,1.0,False,1,0.964285714286,0.00254130016926,0.983644991589
A1Z7S5WSYCVE0K,196.0,1,1,16.0,False,1,0.0714285714286,0.628609323646,0.0601969968439
A20BMZQJS92QY2,82.0,1,2,1.0,False,2,0.933333333333,0.00293257661378,0.958861832015
A21753FQKCM5DQ,180.5,1,2,1.5,False,2,0.736111111111,0.0630494443326,0.764430759458
A21I4DTJGWJYQJ,76.6,1,135,1.33333333333,False,135,0.500780013678,0.275484331429,0.495508757439
A22VGT2F28LTWC,88.4788732394,1,71,1.12676056338,False,71,0.461384804901,0.414538213066,0.353689747585
A2460MAJX0NA82,80.0,1,1,4.0,False,1,0.357142857143,0.289953053195,0.431038649637
A249TBL7CCUBY7,181.0,1,1,1.0,False,1,0.642857142857,0.0861884513797,0.671651278207
A24LC97AU3QC7G,100.086956522,1,23,1.52173913043,False,23,0.583814079926,0.18292437461,0.624944703271
A2541C8MY0BYV3,33.1764705882,1,34,1.0,False,34,0.473377208013,0.395066641846,0.357836733115
A26ERTJPV1A1IM,72.3333333333,1,6,1.16666666667,False,6,0.34610260771,0.546585075241,0.153211334087
A26T6O5EFR54A9,57.6424731183,1,372,1.31720430108,False,372,0.559644431467,0.196187353505,0.630539436664
A26XN1TM6CV01T,107.5,1,8,1.25,False,8,0.55974702381,0.117656921687,0.718732999245
A271JEOKZV8ZXH,34.3108108108,1,74,1.55405405405,False,74,0.358634564756,0.3458752914,0.432738946026
A27MJOV91GA8R3,94.0,1,1,2.0,False,1,0.214285714286,0.505025253169,0.176362919029
A291KO368YRYCR,71.0,1,2,1.0,False,2,0.46875,0.408262147668,0.324326775162
A29RBRL117PYX0,35.875,1,8,1.0,False,8,0.464826839827,0.357438912513,0.378993286472
A29VL3MZE7YPBZ,42.8353909465,1,486,1.3024691358,False,486,0.486330901576,0.302859065067,0.489751544146
A2BOXK0KVXGKPU,45.98,1,50,1.62,False,50,0.506908448672,0.268752431222,0.508033768475
A2C7UETA9SL9SK,30.8648648649,1,37,1.0,False,37,0.72922471673,0.154200275592,0.707577128626
A2CK0OXMPOR9LE,90.9484536082,1,194,1.29381443299,False,194,0.596432830963,0.188395214747,0.659375866972
A2D6VL5XE0O4D3,48.0,1,1,1.0,False,1,0.766666666667,0.0310372097501,0.879777593964
A2EEL9YYUHL5SK,136.155172414,1,928,1.36961206897,False,928,0.581112596773,0.155107175415,0.699191121207
A2EELTS09HUTSF,180.466666667,1,15,3.33333333333,False,15,0.346351001291,0.341588168466,0.415409993648
A2FI2VTA8JVYS6,88.5,1,2,1.0,False,2,0.495614035088,0.272029546432,0.492272681204
A2FUMA4UR6S920,157.0,1,2,2.0,False,2,0.106944444444,0.733443005008,0.00744707136333
A2FXD55FJV1RSV,31.0,1,3,1.0,True,3,0.0424603174603,0.863091037615,0.00292905406043
A2HGRSPR50ENHL,46.9692307692,1,130,1.16153846154,False,130,0.523822271533,0.316172882693,0.473538568131
A2HNP1YL1IBFMU,46.0714285714,1,28,1.14285714286,False,28,0.512871430269,0.298352546928,0.518850231936
A2HR7ZIX42FEPG,31.0,1,1,1.0,True,1,0.0,1.0,-0.0
A2HTN7HCNBQ8V4,40.7272727273,1,11,1.0,False,11,0.424977707478,0.35455240753,0.432136782129
A2KGL2FXIG2IQM,308.0,1,2,1.0,False,2,0.315789473684,0.432431506019,0.257473267619
A2KLJKDG90K1PP,74.8333333333,1,18,1.66666666667,False,18,0.602375864876,0.169127302186,0.657558893308
A2LPRUXRREYKGO,255.0,1,1,3.0,False,1,0.279761904762,0.189115145921,0.398398148864
A2MQ6VUSKCQ9FH,361.0,1,1,1.0,False,1,0.714285714286,0.0715233091147,0.693433734761
A2NSXRT6HN3S2Q,275.0,1,1,1.0,False,1,0.301058201058,0.406267749224,0.25574593956
A2P065E9CYMYJL,22.3078651685,1,445,1.01573033708,False,445,0.511545615522,0.322999697413,0.478891096185
A2Q8N687305WLH,110.0,1,1,1.0,False,1,0.285714285714,0.64781963747,0.110174214679
A2QVMCGDLTWV9,74.5272206304,1,349,1.55300859599,False,349,0.575795111329,0.165739312374,0.673179581207
A2RMJNF6IPI42F,127.0,1,1,3.0,False,1,0.287074829932,0.166312132154,0.379728386953
A2S75O867RJG0I,128.625,1,24,1.16666666667,False,24,0.656272916946,0.132282218553,0.719098529267
A2SD7GN80U31GW,46.520090978,1,1319,1.2319939348,False,1319,0.608919286765,0.168819789887,0.677894919865
A2T5CROJ0FWIJY,67.8761904762,1,105,1.09523809524,False,105,0.527360052468,0.257472591358,0.583227597241
A2U83S62P8SZ6T,91.0,1,2,2.0,False,2,0.323529411765,0.409745637023,0.225090571498
A2UHF7UL7G0Y78,71.4102564103,1,39,1.02564102564,False,39,0.494667555114,0.28547101431,0.558233063644
A2V8LLZRTOP79S,115.5,1,4,1.0,False,4,0.508620689655,0.243037840438,0.506726832624
A2W1C5PDHUF25O,229.0,1,1,3.0,False,1,0.619047619048,0.00586515322757,0.762528018965
A2WGW5Y3ZFBDEC,290.0,1,1,1.0,False,1,0.571428571429,0.156725957288,0.483087162239
A2WP3WEYA1SQCA,57.4666666667,1,30,1.3,False,30,0.506647522885,0.315613078439,0.485509787332
A2WQT33K6LD9Z5,102.703703704,1,27,1.07407407407,False,27,0.640929579148,0.215996427107,0.688288031884
A2WTNZHRALOHX8,193.916666667,1,24,1.25,False,24,0.618798757666,0.236201620071,0.525877640577
A2YJQUHFIXNOY0,78.3333333333,1,3,1.0,False,3,0.710784313725,0.125299145629,0.740302540386
A2YO837C0O1E91,56.3846153846,1,13,1.0,False,13,0.465977673121,0.318556863821,0.447443453731
A2YTOX7SEDJ1TC,40.7083333333,1,24,2.66666666667,False,24,0.333723479065,0.434455325776,0.307077807368
A2Z4BUU0TCEO4Q,246.0,1,4,2.75,False,4,0.104208638584,0.65032423462,0.0879079322908
A2ZRF4I5RTKN7G,44.2222222222,1,27,1.2962962963,False,27,0.572131148117,0.218747042417,0.603191589135
A308MILZVIA62M,103.0,1,1,1.0,False,1,0.5,0.296473529319,0.446302096662
A30JB0LFI1MCQS,77.2857142857,1,7,1.57142857143,False,7,0.533900226757,0.215256986749,0.581154690442
A314XJY8V1YL12,242.0,1,1,1.0,False,1,0.857142857143,0.0256088043054,0.903073178556
A31O43Y575I5C2,89.72,1,300,1.46666666667,False,300,0.557659628152,0.199413749383,0.618059941022
A31XNLA9REVGXL,173.444141689,1,367,1.13896457766,False,367,0.598487713071,0.20102803228,0.626804960427
A34QZDSTKZ3JO9,38.0035180299,1,1137,1.16798592788,False,1137,0.531885355165,0.258968720207,0.569210624543
A36ABFLSNFESVJ,185.5,1,2,1.0,False,2,0.72619047619,0.0685894726974,0.816764047692
A36J7S3EKMQPPN,60.0,1,1,1.0,False,1,0.243197278912,0.489472529757,0.174549755478
A37JD0XUZHQYRC,50.1,1,10,1.0,False,10,0.55779872134,0.24375553828,0.515955717598
A37XJVQF62ZYC,45.9620253165,1,79,1.13924050633,False,79,0.395788012893,0.549026590192,0.213120468206
A381WNRNU2VIK0,40.0,1,1,1.0,False,1,0.326984126984,0.475327817703,0.268022922778
A38DXFI1TZA295,53.9207317073,1,164,1.43292682927,False,164,0.592506273268,0.206796998684,0.606927131989
A394PCJZ22IIHV,74.2083333333,1,24,1.20833333333,False,24,0.550852934543,0.318905512826,0.47889325828
A397157QX8JVSQ,209.7,1,10,1.2,False,10,0.452854090354,0.316037555441,0.524683085677
A3A8P4UR9A0DWQ,78.8695652174,1,23,1.13043478261,False,23,0.526037710787,0.272184195802,0.600170026003
A3BI0AX5T5GVO3,17.618556701,1,194,1.32474226804,False,194,0.341743682862,0.474234947427,0.316200639261
A3BL2ZEODD79AZ,48.1474358974,1,156,1.08333333333,False,156,0.560660657184,0.336549403505,0.458663370505
A3BVPQFBYGWJWX,54.0,1,2,1.5,False,2,0.65,0.132755228909,0.671636253043
A3CAF7LTD3ORSG,118.0,1,1,2.0,False,1,0.382222222222,0.157335159382,0.453286623862
A3F6SDO4GYBE4Y,44.1052631579,1,19,1.21052631579,False,19,0.398052407369,0.368036719085,0.36559491902
A3FWS11PAI3GP0,147.0,1,1,1.0,False,1,0.733333333333,0.0425728922437,0.855316496218
A3GAQNTZ1V1VO,54.0,1,4,1.25,False,4,0.394097222222,0.360847091228,0.445961331767
A3GM78FCDY293T,82.156626506,1,83,2.19277108434,False,83,0.492742054942,0.19433177465,0.582564274753
A3HMDGRGC5JB7E,219.0,1,25,1.0,False,25,0.504246321787,0.391677779746,0.423766387323
A3HTDIOZQ4ADI3,35.0666666667,1,45,1.31111111111,False,45,0.213352348572,0.552993231327,0.161521127481
A3I9XLIHPPWPN1,215.0,1,2,1.0,False,2,0.275,0.576468612528,0.0827433487765
A3KN0O7VP8YSZY,79.568119891,1,734,1.38964577657,False,734,0.606464513887,0.158877773294,0.692951555112
A3L5M80U6TSFJO,75.3333333333,1,30,1.16666666667,False,30,0.374905600401,0.37542395562,0.427976610438
A3LV60O7E3XAN4,85.5,1,4,1.25,False,4,0.287276785714,0.486458294094,0.291464721038
A3MDKF8JMAOKVX,49.0769230769,1,13,1.07692307692,False,13,0.508598489253,0.317185376903,0.499014425863
A3MK12K0EAQITB,87.0,1,1,1.0,False,1,0.5,0.386059386485,0.347103838528
A3MV4PBYAT0CLR,419.0,1,1,1.0,False,1,0.266666666667,0.707491030349,0.0598350470364
A3NHJPE6326P9V,171.0,1,1,1.0,False,1,0.214285714286,0.715252601274,0.0699548825287
A3NHUXDHHBXSR3,123.0,1,32,2.5625,False,32,0.397718293356,0.288855706195,0.430795754909
A3O8YXPG1HGUH0,185.0,1,1,4.0,False,1,0.332751322751,0.227747420981,0.408874915336
A3OOGICWSLXYB0,49.0,1,1,1.0,True,1,0.0238095238095,0.928933094548,0.0
A3OW5EFQ5QFD19,318.0,1,1,2.0,False,1,0.5,0.0245737799917,0.637232211121
A3P5FW28UQ2FM8,156.0,1,1,1.0,False,1,0.357142857143,0.504926228512,0.201225383986
A3PRXVRS4B8YVO,167.0,1,2,1.0,False,2,0.264814814815,0.591328663114,0.0939993149947
A3QC57KUVJP5EW,167.5,1,2,3.0,False,2,0.37037037037,0.273840416886,0.338371574794
A3QW1C79IH4GOG,72.3333333333,1,3,1.0,False,3,0.394968253968,0.40685093068,0.575864978931
A3QX9ABC1DVMQG,258.0,1,1,2.0,False,1,0.0654761904762,0.777777777778,0.0189561631978
A3QZMGTVA4VO44,291.0,1,1,5.0,False,1,0.3,0.340846938397,0.247475373059
A3RUUTINBKU8YE,224.0,1,1,2.0,False,1,0.5,0.292893218813,0.589312130234
A3SDFAOJW87FGP,42.6867977528,1,1424,1.05688202247,False,1424,0.532033176561,0.222857510128,0.603907639299
A3SW7C50H0E9U3,47.5,1,8,2.5,False,8,0.521219135802,0.156286114215,0.642685184189
A3U6IA3JUSFZ2M,72.5043859649,1,228,1.35087719298,False,228,0.62145770203,0.158996081604,0.685652634627
A3US3R22I0W1QE,168.0,1,2,1.5,False,2,0.607575757576,0.0941861845661,0.718182768963
A3UUH3632AI3ZX,111.0,1,2,1.0,False,2,0.236842105263,0.6414314172,0.0198320484652
A3UV55HC87DO9C,60.0401606426,1,498,1.43574297189,False,498,0.481261220469,0.254771838715,0.544363840216
A3VG66B6CI1EXN,97.5,1,4,1.75,False,4,0.504303075397,0.245125631012,0.532239969093
A563JDEQMNQTI,67.3125,1,32,1.3125,False,32,0.419552697071,0.43499368127,0.356203519227
A5B9P8NWX97L9,24.0,1,5,1.0,False,5,0.45687755102,0.384290122351,0.27338475673
A5TI9UQEPLNWI,50.1393442623,1,244,1.23360655738,False,244,0.648432526063,0.142883932189,0.71385457785
A5V3ZMQI0PU3F,241.560747664,1,107,1.47663551402,False,107,0.541887451816,0.248404290794,0.537984766966
A610SH5RY1NG1,28.8282967033,1,728,1.79807692308,False,728,0.519180863574,0.237070133143,0.565980879979
A6FQHZ58DQ0S6,124.416666667,1,36,1.19444444444,False,36,0.581115697483,0.232363387604,0.589127078372
A6JKKANO7F4KD,54.8888888889,1,9,1.44444444444,False,9,0.808048433048,0.0315058516768,0.879313143253
A7SM0NS3IFW96,96.6315789474,1,76,1.75,False,76,0.306010443535,0.382499119085,0.351699662463
A8NUCTL00M11Q,33.835443038,1,79,5.60759493671,False,79,0.0800596792423,0.656228466209,0.0568715061918
A9AHVN33RO4QC,62.6666666667,1,36,1.0,False,36,0.282085044354,0.583559059612,0.161941392815
ABX5OQLR6UNBC,43.6237458194,1,598,1.31939799331,False,598,0.597263503263,0.169057723397,0.680832932503
ACGHHDT7RY1AH,56.7586206897,1,58,1.08620689655,False,58,0.734870422674,0.182034278881,0.685557315549
ADAKTHXLJRCI7,104.5,1,4,2.0,False,4,0.526076007326,0.251592099074,0.578376996902
ADD5IHZ1P6TLH,155.0,1,4,1.25,False,4,0.680555555556,0.116147880168,0.679335204727
ADJUMNMLC8H1I,110.5,1,2,2.0,False,2,0.504887218045,0.169514614974,0.649598666123
ADVIE0ZHLWDDH,74.5,1,4,1.25,False,4,0.685956790123,0.13736778726,0.749921356154
AGDDGSV1IQ0Z4,194.428571429,1,21,1.85714285714,False,21,0.24155096248,0.502226640423,0.194138658388
AGK30V341UN88,70.5,1,2,2.0,False,2,0.539115646259,0.108227077105,0.692754165947
AH4SMMFHDHK1L,64.4912280702,1,57,1.0,False,57,0.288673892155,0.623201352582,0.132665827047
AHL33DDQX8O6K,48.3701657459,1,724,1.00690607735,False,724,0.545313092957,0.263010219279,0.568142985927
AHYMX4ZJFUTXB,109.0,1,1,3.0,False,1,0.366496598639,0.188497328799,0.414950100593
AIWEXPJAU66D9,428.0,1,1,1.0,False,1,0.27380952381,0.410744349011,0.153039279762
AIZ4C8S4DW2WG,154.0,1,1,1.0,True,1,0.0,1.0,-0.0
AIZVGMU5Y3L4L,125.0,1,1,1.0,False,1,0.301058201058,0.406267749224,0.25574593956
AJPQEZBVJXVE9,35.3452211127,1,701,1.27817403709,False,701,0.662137291455,0.140194696092,0.72088348676
AJWES6SFIP3AT,274.422939068,1,558,1.19892473118,False,558,0.472825945314,0.292316281082,0.500283075203
AKD76XZXO3B2A,45.1538461538,1,13,2.30769230769,False,13,0.482961945462,0.159427839887,0.631793340816
AKVDY8OXNMQED,96.5730337079,1,89,1.80898876404,False,89,0.503113358178,0.23837264732,0.55377959948
AM155T4U3RE1A,27.9824561404,1,171,1.23391812865,False,171,0.688977248921,0.098815684369,0.798131298486
AM5CFEE9TX19X,67.0943396226,1,159,1.10062893082,False,159,0.542824116473,0.269522313317,0.569454113905
AMG9Y1YLBTKIV,67.0666666667,1,75,1.25333333333,False,75,0.480031551095,0.321618405493,0.45071209097
AMUC6OI4A2GY4,150.0,1,1,4.0,True,1,0.0428571428571,0.902769441467,-0.00176598533241
AOAZMLP27GD81,107.0,1,3,1.0,False,3,0.330555555556,0.473398265943,0.180514779388
AOEUCTT79ZS7N,59.5,1,10,2.2,False,10,0.295459336888,0.392058435854,0.336266084587
AQE7EQDM98KB7,68.0,1,1,1.0,False,1,0.243197278912,0.514357068821,0.178729991474
AQOGPGGVR2RIA,51.6888888889,1,45,1.44444444444,False,45,0.530664469893,0.249600559566,0.53586953695
AR72L0JX4D03W,121.5,1,2,1.5,False,2,0.286904761905,0.350104229604,0.262424022825
ARFAW0SGYEMFL,96.6277602524,1,634,1.22555205047,False,634,0.536576790625,0.278209251297,0.516707969736
ARIY7R4C3ZUIO,145.0,1,1,1.0,False,1,0.964285714286,0.00254130016926,0.980351241477
ARLGZWN6W91WD,36.6341463415,1,41,1.21951219512,False,41,0.449209775129,0.380786934347,0.348778657803
ASI2B6A3Y556Z,111.571428571,1,14,1.64285714286,False,14,0.38540456357,0.359083547632,0.347965497218
ATR6RB1RULOC0,48.9076923077,1,130,1.19230769231,False,130,0.60589446458,0.251465487037,0.582831934162
AUUQ22FMSEEB9,184.529411765,1,17,1.41176470588,False,17,0.364873067254,0.470088170731,0.300395012835
AV22FQTJNBUZT,73.6756756757,1,37,1.64864864865,False,37,0.477474678836,0.248790418965,0.509512507568
AVQGY7FCU80XP,49.9776119403,1,134,1.42537313433,False,134,0.465932000826,0.238181385737,0.578790801031
AWQDOOSNH42QM,97.6666666667,1,3,1.0,False,3,0.450617283951,0.48018043427,0.172431923828
AWSXWPJJPYFMN,31.5,1,2,1.5,False,2,0.59375,0.264267413048,0.701854398689
AYJGQBBK6KXZ7,39.415,1,200,1.08,False,200,0.522245109014,0.292896022017,0.519578527619
AZJEGHE4605S5,43.0588235294,1,68,1.38235294118,False,68,0.571279017076,0.197138238124,0.615159120813
1863418,34.6,1,5,1.4,False,5,0.570119047619,0.091437002455,0.733566596022
1883056,67.624137931,1,290,1.01034482759,False,290,0.457756299942,0.352150762688,0.397157748494
1924522,27.0636363636,1,330,1.00606060606,False,330,0.536482771441,0.253797429947,0.564584008041
2044524,67.0,1,1,1.0,False,1,1.0,0.0,1.0
2365036,85.0,1,1,1.0,False,1,0.5,0.169252839264,0.528617818332
2442840,71.6,1,5,1.4,False,5,0.226811594203,0.606162853976,0.0378591626205
2455062,15.5765765766,1,111,1.0,False,111,0.525458787864,0.290244278147,0.514421274448
2647839,167.222222222,1,9,1.33333333333,False,9,0.242094111307,0.50740914274,0.132544931988
3211114,59.7,1,10,1.8,False,10,0.554125966626,0.190347862004,0.662250135453
3572312,42.9363636364,1,110,1.00909090909,False,110,0.579927022856,0.189241646018,0.654768716509
3587109,23.9917184265,1,483,1.01863354037,False,483,0.393427916181,0.422778448975,0.356170338734
3731467,125.5,1,2,1.0,True,2,0.03125,0.962628245362,-0.00125035674972
4287004,110.0,1,1,1.0,False,1,0.928571428571,0.00294551449842,0.939833014313
4316379,21.826405868,1,409,1.00488997555,False,409,0.507537254737,0.293945182581,0.503276198765
4354461,24.9591836735,1,98,1.0,False,98,0.356333347974,0.508947923681,0.235609854314
4472550,55.8333333333,1,6,1.0,False,6,0.598717948718,0.303911202417,0.48243085565
4688131,70.3333333333,1,51,1.0,False,51,0.519300248831,0.303817274694,0.494828968957
4711962,40.696969697,1,66,1.01515151515,False,66,0.330682147742,0.535144334327,0.23898650064
5007431,76.0,1,5,1.0,False,5,0.474509803922,0.289845216923,0.381830706581
5203616,27.1428571429,1,28,1.67857142857,False,28,0.489018968105,0.250252424838,0.517458365772
5915389,139.3,1,10,1.0,False,10,0.415466392318,0.233372593505,0.569935936356
6010674,201.633333333,1,30,1.0,False,30,0.555539167396,0.269100602989,0.514545456856
6309240,67.4038461538,1,52,1.01923076923,False,52,0.563378546533,0.204061723736,0.624801559745
6330007,77.3787878788,1,66,1.06060606061,False,66,0.635290837289,0.170547750231,0.681975344614
6335090,152.0,1,124,1.14516129032,False,124,0.249976533646,0.619003341525,0.146935577799
6336109,85.0636363636,1,330,1.26363636364,False,330,0.531470462191,0.223844644767,0.578354865349
6338159,48.7156862745,1,102,1.02941176471,False,102,0.311799393669,0.523781477939,0.226016851858
6340330,82.8,1,10,1.0,False,10,0.461272321429,0.411535330618,0.373602090063
6344072,68.735,1,400,1.2925,False,400,0.482255846787,0.302833500524,0.49226786184
6417722,17.9,1,10,1.0,False,10,0.424925595238,0.464402875014,0.242910375434
6488338,385.156069364,1,346,1.62138728324,False,346,0.497221272609,0.254613365343,0.539704370919
6524027,39.0181818182,1,275,1.15636363636,False,275,0.519303412801,0.229713313701,0.590585052743
6564167,111.7,1,10,1.0,False,10,0.615192743764,0.225016264957,0.619965797056
6574449,28.6923076923,1,52,1.0,False,52,0.575024279674,0.278868470969,0.537277120397
6744840,91.3333333333,1,84,1.0,False,84,0.435771816581,0.387086721474,0.398426436272
7051387,87.4047619048,1,42,1.0,False,42,0.581548235397,0.210538357118,0.583736654165
7211526,41.6,1,10,1.0,False,10,0.589930555556,0.360710946056,0.407289034424
7260572,59.5,1,10,1.4,False,10,0.529697802198,0.228484524023,0.484163066687
7265244,48.375,1,8,1.0,False,8,0.211165845649,0.6702340265,0.0765424259518
7385617,34.4090909091,1,88,1.02272727273,False,88,0.559546605595,0.267985775067,0.569220911932
7726579,106.0,1,1,1.0,True,1,0.0,1.0,-0.0
8108990,71.962962963,1,27,1.18518518519,False,27,0.541423944413,0.306462548947,0.497344790126
8113120,213.071428571,1,14,1.57142857143,False,14,0.411293708305,0.385998672463,0.250861806783
8178380,119.875,1,8,1.375,False,8,0.46102292769,0.359022448343,0.363792703013
8715359,70.4315245478,1,387,1.01291989664,False,387,0.607193462617,0.152776783605,0.699512837996
8973353,26.3,1,10,1.0,False,10,0.287941919192,0.61972274586,0.174183602018
9557163,66.0,1,6,1.5,False,6,0.491121031746,0.253684073682,0.535919848867
10319610,35.21875,1,32,1.375,False,32,0.520179788352,0.246511255695,0.572757650237
10390268,77.0,1,1,3.0,False,1,0.35119047619,0.158841768862,0.499657773784
10845465,47.0,1,2,1.0,True,2,0.0,1.0,-0.0
10959404,22.7440944882,1,254,1.03149606299,False,254,0.590045466997,0.218646503438,0.617673523247
10980423,219.583333333,1,12,1.5,False,12,0.456489748677,0.240491984901,0.455651865057
11001780,105.87628866,1,291,1.25429553265,False,291,0.569059644534,0.201339854903,0.621838996018
11026968,34.42,1,50,1.0,False,50,0.310070737805,0.504366014769,0.261241244371
11106820,130.25,1,40,1.05,False,40,0.518533946044,0.265040581514,0.541730382912
11107830,121.8,1,10,1.1,False,10,0.547425722426,0.237503005206,0.550973435979
11257883,221.988888889,1,90,1.06666666667,False,90,0.425879207055,0.391326738165,0.394450703444
11291592,20.8947368421,1,19,1.0,False,19,0.598889645948,0.21521650709,0.66448946691
11338264,65.1428571429,1,7,1.0,False,7,0.689648033126,0.17452623631,0.625141312543
11460728,50.6770833333,1,480,1.06666666667,False,480,0.520369530192,0.237983918621,0.589316511048
11521789,56.8,1,35,1.0,False,35,0.604385648136,0.205610936882,0.644232643805
11598752,91.7909090909,1,110,1.05454545455,False,110,0.569145846536,0.211219070985,0.601741308474
12115558,34.601532567,1,261,1.02298850575,False,261,0.484080497218,0.294699576284,0.484657635135
12656479,23.5,1,10,1.0,False,10,0.325578091319,0.497259447357,0.277644729832
12667324,64.3,1,10,1.0,False,10,0.664814814815,0.191186041383,0.668606768281
13093803,158.0,1,1,1.0,False,1,0.0357142857143,0.871963120067,0.00600937569568
13095205,60.4349206349,1,315,1.01587301587,False,315,0.475993121446,0.31499149331,0.472636851791
13300986,46.3315508021,1,374,1.0320855615,False,374,0.538537952855,0.249388777492,0.530045203269
13581319,18.425,1,40,1.0,False,40,0.343250232685,0.529217905083,0.224081845806
13621328,75.5454545455,1,11,1.09090909091,False,11,0.561043940146,0.24376387869,0.617843999684
14094962,284.133333333,1,30,1.5,False,30,0.462089320298,0.20656442454,0.556150219769
14386965,56.8571428571,1,35,2.68571428571,False,35,0.29633020166,0.493352451155,0.220132199193
14466721,76.25,1,12,1.0,False,12,0.656087301587,0.109549700333,0.715511466311
14533189,86.4615384615,1,13,1.84615384615,False,13,0.381153711485,0.333042448209,0.441907338828
14723284,25.5,1,20,1.0,False,20,0.674279951772,0.113671063173,0.744691735308
14848125,45.8064516129,1,31,1.22580645161,False,31,0.594196635131,0.191549101379,0.572488931224
14861092,27.7037037037,1,54,1.0,False,54,0.558527882441,0.213556560736,0.592403897171
15117831,25.7837837838,1,185,1.21081081081,False,185,0.519401356429,0.215127052676,0.593776950293
15287417,26.1046511628,1,172,1.00581395349,False,172,0.448807889548,0.383955725825,0.380823694563
15577915,20.8356807512,1,213,1.0234741784,False,213,0.416770393058,0.411538656105,0.363607468629
15679569,294.366666667,1,30,1.2,False,30,0.541096866097,0.274396450742,0.55856234365
15742641,48.3,1,10,1.0,True,10,0.00444444444444,0.983560101269,-0.000101412855727
15871675,32.9210526316,1,266,1.01503759398,False,266,0.490892546654,0.290571497264,0.507533793757
16465220,35.2670807453,1,322,1.00310559006,False,322,0.479547392463,0.333715844753,0.451250409106
16654434,73.25,1,8,1.625,True,8,0.00833333333333,0.983586695893,-0.00023670444017
16717147,27.7902097902,1,143,1.05594405594,False,143,0.387125274857,0.465457848857,0.236437298023
16844474,150.727272727,1,11,1.0,False,11,0.738201459035,0.198280237932,0.638650688665
16854635,71.0976744186,1,430,1.04418604651,False,430,0.491597681883,0.268911956475,0.561664931554
17950689,112.010781671,1,371,1.0,False,371,0.350738445833,0.570797915507,0.169354122046
18050262,40.2,1,20,1.1,False,20,0.56638804458,0.23330814479,0.637382375295
18137958,390.25,1,4,1.25,False,4,0.341954022989,0.547716093359,0.183414904199
18215885,80.6885644769,1,411,1.01703163017,False,411,0.57657208038,0.198487009261,0.648175731654
18531561,79.598173516,1,438,1.63470319635,False,438,0.55613241608,0.180833818401,0.626109219155
18611009,66.1,1,10,1.0,False,10,0.365269151139,0.522238927148,0.248669923886
18666417,74.0240700219,1,457,1.55579868709,False,457,0.484823804965,0.302255099983,0.461137605079
18672993,208.337883959,1,293,1.03412969283,False,293,0.471351551358,0.340020318061,0.426509258635
18881135,45.3151125402,1,311,1.00321543408,False,311,0.481566455278,0.340463408656,0.447086064073
18956279,125.666666667,1,3,2.0,False,3,0.442708333333,0.328977992868,0.495712402347
18960682,33.253164557,1,316,1.25949367089,False,316,0.541114609588,0.203746517634,0.61528835175
18969291,59.568,1,125,1.0,False,125,0.561344454992,0.26567508036,0.543866090515
18972023,108.744186047,1,43,1.0,False,43,0.469890365424,0.314831135756,0.465534518882
18979155,423.333333333,1,3,1.33333333333,False,3,0.713768115942,0.137338175325,0.718813742079
19162475,7.5,1,2,2.0,True,2,0.0,1.0,-0.0
19294877,69.6086956522,1,46,1.15217391304,False,46,0.530970716106,0.26532679563,0.559802125601
19302668,38.0416666667,1,168,3.19642857143,False,168,0.273387587329,0.458082138677,0.275869915967
19543823,42.8,1,10,1.0,False,10,0.715295815296,0.0997674659654,0.791705861064
19638651,28.611814346,1,237,1.23628691983,False,237,0.540614412627,0.210343623092,0.590958928216
19740138,72.0833333333,1,12,1.75,False,12,0.457001297583,0.323938606299,0.510319741918
19913374,19.8,1,110,1.0,False,110,0.422931944432,0.420546705698,0.349097243074
19947926,102.071428571,1,14,1.21428571429,False,14,0.589649657028,0.126978313111,0.690479483592
20057149,83.0909090909,1,11,1.09090909091,False,11,0.513281779948,0.26088247827,0.499093518654
20270833,34.5,1,20,1.0,False,20,0.410478604321,0.396566438105,0.385208331995
20306047,47.0720524017,1,458,1.14192139738,False,458,0.57206157532,0.187994180712,0.644046449782
20312760,30.3834586466,1,266,1.17293233083,False,266,0.498100623869,0.298996026132,0.503903168154
20398835,45.852173913,1,115,1.01739130435,False,115,0.483036324072,0.340134612176,0.424895431707
20415133,27.0,1,1,1.0,True,1,0.0,1.0,-0.0
20430407,38.7401574803,1,127,1.0157480315,False,127,0.571505853654,0.229845358455,0.595934635201
20512953,48.3935185185,1,432,1.27314814815,False,432,0.532759308086,0.246835411727,0.566720890334
20845955,32.7142857143,1,21,1.61904761905,False,21,0.605268311028,0.170842477104,0.583341724454
20929875,182.100917431,1,436,1.15596330275,False,436,0.521020659213,0.228887598667,0.585227402194
21017840,31.2307692308,1,26,1.38461538462,False,26,0.389608688802,0.429845423058,0.352448987261
21088425,60.7826086957,1,23,1.13043478261,False,23,0.615766012055,0.238739826241,0.618240639465
21122768,64.1,1,10,1.2,False,10,0.510324302135,0.316151469151,0.519738164898
21418130,88.1,1,10,1.6,False,10,0.410918209877,0.325721488257,0.476794963013
21457135,50.1666666667,1,6,1.0,False,6,0.608422939068,0.2080553404,0.535058371506
21490235,92.7968337731,1,379,1.02110817942,False,379,0.530863998018,0.240083517795,0.589355321221
21524451,57.9462365591,1,93,1.7311827957,False,93,0.53184216158,0.187583593423,0.607926499195
21579617,72.16,1,25,1.36,False,25,0.523434369019,0.294609682662,0.512266058357
21665495,21.3376068376,1,234,1.02991452991,False,234,0.45801814017,0.321793299007,0.473185916156
21678835,91.0,1,1,1.0,False,1,0.714285714286,0.0465374107544,0.797816333909
21832799,41.6111111111,1,54,1.0,False,54,0.522586855841,0.294516285943,0.50598125035
21865639,86.7553191489,1,94,1.0,False,94,0.548535188692,0.229737856156,0.609343020183
21875134,288.569672131,1,488,1.36680327869,False,488,0.545672207845,0.187456326085,0.638157825635
21963184,46.4415584416,1,154,2.01948051948,False,154,0.498896088254,0.209151646567,0.584032679867
22124254,36.3292682927,1,82,1.0,False,82,0.537359653345,0.232738718164,0.598136742802
22222103,29.2352941176,1,17,1.41176470588,False,17,0.465458152958,0.268388598762,0.59140642288
22251483,394.5,1,4,1.5,False,4,0.647875816993,0.0948984162967,0.761304931165
22345789,120.192307692,1,26,3.96153846154,False,26,0.331793934669,0.348926493307,0.357688605507
22387641,57.6666666667,1,21,1.52380952381,False,21,0.621439645084,0.178624807847,0.612114323828
22389656,54.6818181818,1,22,1.18181818182,False,22,0.529078524775,0.312593831844,0.528611370607
22438562,46.1,1,10,1.1,False,10,0.579518689196,0.142698174448,0.73822788441
22984878,33.64,1,100,1.02,False,100,0.458166251741,0.387328759418,0.355403100463
23017572,87.2268518519,1,432,1.28009259259,False,432,0.492024793139,0.270179069331,0.54038256677
23144069,49.2631578947,1,19,1.0,False,19,0.672484271849,0.139285435252,0.694454990988
23287154,51.8,1,20,1.85,False,20,0.516115888741,0.21968400537,0.601684407474
23503585,118.39047619,1,105,2.00952380952,False,105,0.45314614168,0.306168811215,0.464409100544
23585686,73.9,1,10,1.0,False,10,0.602234753551,0.186877768046,0.576805361775
23854490,73.8823529412,1,17,1.35294117647,False,17,0.503087968429,0.264978836356,0.482803271064
23930372,41.1666666667,1,18,1.05555555556,False,18,0.458090355412,0.318113131674,0.46013402914
24043308,120.301587302,1,189,1.31216931217,False,189,0.546933403898,0.274106674629,0.503663818103
24369927,63.0,1,10,1.1,False,10,0.664567669173,0.101918750217,0.729914996119
24403612,34.3060344828,1,232,1.01724137931,False,232,0.512275688811,0.267541647411,0.559233769978
24460114,68.0496453901,1,141,2.97872340426,False,141,0.0660701438146,0.855097956447,0.0136768788066
24593639,261.75,1,4,1.5,False,4,0.558823529412,0.254208923952,0.716069684413
24636399,117.0,1,3,1.66666666667,False,3,0.71568627451,0.0270285173992,0.840684205446
24696098,41.21875,1,160,1.00625,False,160,0.33459073734,0.488194622241,0.267005037774
24835873,25.4901960784,1,306,1.0,False,306,0.450971316254,0.333397912958,0.4270276319
25257275,42.6428571429,1,28,1.0,False,28,0.565918499687,0.252379923906,0.580467136171
25295869,156.25,1,4,1.0,False,4,0.297101449275,0.630598239566,0.107812567989
25358609,47.1933333333,1,150,1.33333333333,False,150,0.558436415555,0.182144094132,0.6377625095
25486037,69.0955882353,1,408,1.01960784314,False,408,0.539795563855,0.246418766168,0.592206801825
26318060,40.5,1,10,1.4,False,10,0.575536062378,0.21676777981,0.566352346372
26492726,27.1307692308,1,130,1.01538461538,False,130,0.475786943583,0.302648175506,0.510259418589
26531841,64.041322314,1,121,1.22314049587,False,121,0.563560884142,0.216631212371,0.607581301456
26649250,64.4375,1,16,1.0,False,16,0.366796695368,0.39619015877,0.269480506302
26770238,57.0,1,9,1.0,False,9,0.314151721295,0.3994847289,0.296023335772
27238250,82.6666666667,1,21,1.04761904762,False,21,0.682092111592,0.127603172225,0.696160097819
27753923,10.0,1,2,1.0,False,2,0.35,0.511953919821,0.413746392831
27770607,33.210031348,1,319,1.05956112853,False,319,0.570546450709,0.230235689023,0.599303767566
27799967,27.7846153846,1,130,1.00769230769,False,130,0.492873722989,0.311940525889,0.469197027679
27836433,73.8153846154,1,65,1.01538461538,False,65,0.564421111394,0.225274635821,0.604721570004
27934334,46.032586558,1,491,1.03462321792,False,491,0.565730076454,0.207511720367,0.626982407249
28081782,42.4,1,5,1.0,False,5,0.248765432099,0.671099322673,0.146141894473
28103910,57.1,1,10,1.2,False,10,0.625617283951,0.232608443493,0.649424170052
28301350,31.59375,1,32,1.53125,False,32,0.566036143352,0.185543530907,0.636159616405
28351359,25.9342105263,1,456,1.01096491228,False,456,0.573877273925,0.234962718614,0.592818260645
28375976,91.0,1,1,1.0,False,1,0.785714285714,0.0389255376729,0.836250115931
28457001,56.2222222222,1,9,1.0,False,9,0.601976778366,0.199074496216,0.623330397388
28503763,136.894736842,1,247,1.01214574899,False,247,0.557428190209,0.21590697294,0.624401830798
28513847,51.375,1,32,1.1875,False,32,0.545072579295,0.272245236173,0.5323968963
28524232,66.0,1,3,1.0,False,3,0.8046875,0.0658515886106,0.869306234274
28709211,208.0,1,3,1.0,False,3,0.598039215686,0.31459417032,0.378357679516
28774264,34.7674418605,1,43,1.39534883721,False,43,0.506124757706,0.260180371756,0.568515311848
28794143,80.9318181818,1,44,1.79545454545,False,44,0.483664483901,0.301899009002,0.449702361742
28961801,131.8,1,15,1.06666666667,False,15,0.544599303136,0.278252971667,0.526874818657
29275930,118.503816794,1,262,1.00763358779,False,262,0.482673925299,0.308037340319,0.467953519331
29320202,69.8,1,10,1.6,False,10,0.434623015873,0.282356514496,0.410461982308
29363385,84.0,1,20,1.15,False,20,0.375591563786,0.516987360349,0.213286499333
29411108,38.7017994859,1,389,1.0,False,389,0.590346630797,0.204954120045,0.634345505701
29738307,63.8,1,10,1.8,False,10,0.413199168556,0.382083441037,0.370071271704
29768955,42.0810810811,1,37,1.54054054054,False,37,0.554837837778,0.24324486568,0.589209669182
29849805,108.8,1,5,1.2,False,5,0.442592592593,0.276171770259,0.442153103255
29910179,78.3529411765,1,17,1.17647058824,False,17,0.47725542598,0.236807294819,0.469778807567
30264033,24.6315789474,1,19,1.0,False,19,0.532159478217,0.241345948636,0.578201313342
30312592,60.7394957983,1,238,1.0,False,238,0.475586626478,0.319791972974,0.468761252843
30321275,55.2786885246,1,61,1.27868852459,False,61,0.39228459647,0.477114257178,0.289558975646
30398579,36.0,1,10,1.1,False,10,0.771733276644,0.0677839529114,0.790108972972
30475714,77.6,1,5,1.8,False,5,0.30701754386,0.498441630688,0.12022573356
30504276,70.1055045872,1,218,1.01834862385,False,218,0.465250218533,0.318494668275,0.474003337275
30546513,47.7777777778,1,27,1.0,False,27,0.578951370473,0.268051351475,0.592201873739
30586739,51.7,1,10,1.0,False,10,0.736302175191,0.10352111874,0.778682277976
30627835,33.1111111111,1,54,1.0,False,54,0.548391717485,0.236946336144,0.581369648606
30681826,90.9333333333,1,375,1.288,False,375,0.553318778785,0.196852032754,0.633366833966
30762019,81.3,1,10,1.0,False,10,0.495884773663,0.375585436214,0.352500364632
30777913,32.7663316583,1,398,1.64070351759,False,398,0.317480833674,0.475502028282,0.256813154214
30782237,26.8648648649,1,37,1.02702702703,False,37,0.556329946058,0.211038567439,0.619251875587
30901412,34.5923076923,1,130,1.03076923077,False,130,0.510996016262,0.28618360353,0.501413482951
30941227,59.9350649351,1,77,1.23376623377,False,77,0.337166463495,0.471380718562,0.291196637152
30957357,92.4,1,10,1.6,False,10,0.233356801502,0.478922492413,0.163049477133
30962210,55.3720930233,1,43,1.86046511628,False,43,0.516654243086,0.261579338671,0.50433623823
31089452,40.3,1,10,1.0,False,10,0.486474867725,0.304565409325,0.525288369011
31176117,43.0952380952,1,231,1.04761904762,False,231,0.554759268058,0.240080804344,0.593871575768
31184650,35.7575757576,1,66,1.16666666667,False,66,0.443899664237,0.335968765883,0.437955373237
31228275,51.4761904762,1,21,1.0,False,21,0.545002092743,0.342100663092,0.436566643683
31256687,20.8285714286,1,35,1.0,False,35,0.496503268296,0.337817429607,0.454868264682
31260517,99.9,1,10,1.6,False,10,0.396296296296,0.372823735295,0.323557518663
31304413,41.1428571429,1,49,1.10204081633,False,49,0.641144140251,0.204318464533,0.647484337753
31329809,60.4625,1,80,1.2375,False,80,0.369292553949,0.459370392491,0.280981816163
31345986,94.3,1,10,1.5,False,10,0.576765873016,0.162471148885,0.6564909529
31383873,24.7142857143,1,7,1.0,False,7,0.103888888889,0.841170943018,0.0477685512419
31448050,52.65,1,20,1.05,False,20,0.596452562506,0.226469158397,0.591795388531
31508822,89.7971014493,1,207,1.00483091787,False,207,0.436695206222,0.378598499978,0.389586236826
31650069,35.5270935961,1,203,1.2118226601,False,203,0.570359406479,0.188770480349,0.639529915367
31708939,41.9473684211,1,342,1.47076023392,False,342,0.549706921969,0.1833091144,0.636735547185
31738779,115.52293578,1,436,1.01605504587,False,436,0.513572701443,0.257610670249,0.540143980612
31743852,26.3166666667,1,60,1.0,False,60,0.599660452319,0.242212572424,0.584927354191
31883685,55.9423868313,1,486,1.00205761317,False,486,0.558814894412,0.215377715163,0.632819068308
31948170,39.2,1,10,1.0,False,10,0.385290093049,0.39020173517,0.394601904162
31967679,64.8,1,10,1.3,False,10,0.579589093702,0.244401031045,0.542470400712
31973624,84.2857142857,1,14,1.0,False,14,0.276427067556,0.661115080957,0.0456542265643
31988217,33.6477987421,1,318,1.17610062893,False,318,0.554118146175,0.200588940317,0.63750592556
32053642,31.0172413793,1,58,1.0,False,58,0.449208235512,0.450579506071,0.357613697138
32055577,196.0,1,1,1.0,False,1,0.142857142857,0.767504722512,0.0376819224796
32094044,44.7,1,10,1.0,False,10,0.484444444444,0.283491248755,0.44965926812
32125821,47.7,1,10,1.0,False,10,0.553287981859,0.374538443275,0.462205998967
32173500,49.972972973,1,148,1.00675675676,False,148,0.523686770478,0.28508868898,0.527046942271
32196055,247.0,1,2,2.5,False,2,0.353571428571,0.228248192284,0.400626887658
32292681,112.0,1,1,1.0,False,1,0.964285714286,0.00254130016926,0.992203051473
32338429,31.9310344828,1,58,1.01724137931,False,58,0.40994409952,0.46836526865,0.248599900602
32352104,32.0909090909,1,88,1.01136363636,False,88,0.462796088454,0.345512714993,0.438067876488
32356401,66.9090909091,1,11,1.0,False,11,0.385203588682,0.306803850181,0.453821376548
32363453,34.85,1,20,8.3,False,20,0.0505785084074,0.820264583489,0.0178174985406
32523974,28.4333333333,1,60,1.0,False,60,0.24542286299,0.666756161943,0.0841442963579
32573092,91.6052631579,1,38,1.05263157895,False,38,0.54022059157,0.341346612173,0.458565054562
32655637,69.4,1,10,1.0,False,10,0.684449404762,0.17449640123,0.648599303919
32695853,92.7536231884,1,69,1.28985507246,False,69,0.402482129648,0.432652261947,0.341008178156
32799278,24.3529411765,1,17,1.0,False,17,0.253180660152,0.62217172935,0.119143121523
32850083,52.4,1,10,1.0,False,10,0.651661904762,0.197159755106,0.711939069862
32987272,29.5901639344,1,61,1.04918032787,False,61,0.520199940106,0.320385396947,0.456185334172
33018272,67.3714285714,1,70,1.32857142857,False,70,0.330858595765,0.500287723978,0.267078261779
33024386,83.05,1,20,1.85,False,20,0.402179339478,0.328061881196,0.394560529019
33057016,133.888888889,1,36,1.72222222222,False,36,0.44078268874,0.375163574472,0.353234603808
33058612,30.5,1,4,1.0,False,4,0.468253968254,0.376435487198,0.444032153053
33110177,79.1,1,10,1.1,False,10,0.530784030784,0.182082402005,0.6802191089
33115750,63.2625,1,80,1.0125,False,80,0.523754961295,0.30268125497,0.511289547751
33245009,189.0,1,8,1.0,False,8,0.461403508772,0.315211670675,0.358065663205
33274628,93.0,1,1,1.0,False,1,0.928571428571,0.00294551449842,0.921994966018
33280016,162.0,1,1,1.0,False,1,0.714285714286,0.075499672958,0.69218826414
33330229,62.4,1,10,1.0,False,10,0.533134920635,0.219750901009,0.641576242904
33402064,108.1,1,10,1.0,False,10,0.383994708995,0.472045759443,0.359564574477
33427067,27.5,1,20,1.0,False,20,0.589546978303,0.263904700197,0.557638513298
33432621,70.5492227979,1,193,1.0207253886,False,193,0.386603390127,0.430940941085,0.291737721758
33435788,83.6142857143,1,70,1.22857142857,False,70,0.444089198407,0.412519167916,0.372588625586
33469168,68.4680851064,1,47,1.31914893617,False,47,0.508300816353,0.267574329758,0.490588310051
33565158,71.2560386473,1,207,1.02898550725,False,207,0.60572460192,0.179646719119,0.667714540085
33675808,38.914893617,1,47,1.0,False,47,0.373096711938,0.424961562989,0.319545301396
33684645,143.75,1,4,2.25,False,4,0.404761904762,0.207474597939,0.58784332997
33708599,92.0,1,115,1.50434782609,False,115,0.491498814792,0.231595521537,0.558179110225
33721681,133.25,1,4,1.0,False,4,0.75,0.125635072355,0.846823757803
33729510,91.0,1,2,1.0,False,2,0.875,0.0416507514859,0.896311154859
33753638,66.3333333333,1,9,1.11111111111,False,9,0.504352678571,0.33470895762,0.469752476909
33836450,37.0,1,1,1.0,False,1,0.178571428571,0.633491666931,0.0685000703827
33878524,188.107142857,1,28,1.0,False,28,0.620208508811,0.145452379238,0.713885798904
33915034,9.90909090909,1,11,1.72727272727,False,11,0.0449675324675,0.906408275333,0.00157200378744
33920167,97.2,1,10,1.2,False,10,0.641425120773,0.222500692851,0.672848336411
34042603,60.131147541,1,61,1.0,False,61,0.211431112476,0.675340334152,0.0664043137461
34070076,111.0,1,1,1.0,False,1,1.0,0.0,1.0
34179439,61.0,1,9,1.0,False,9,0.616071428571,0.122942291322,0.723716254491
34257798,85.6363636364,1,22,1.36363636364,False,22,0.622360772174,0.140988587634,0.722835910123
34289442,95.7,1,10,1.6,False,10,0.634745115995,0.104102237201,0.762023183639
34305531,33.4642857143,1,28,1.0,False,28,0.596518256425,0.185879893724,0.655086319506
34333895,69.7,1,10,1.1,False,10,0.607793209877,0.325419117546,0.588769086917
34537475,142.0,1,3,1.0,False,3,0.744444444444,0.0922672606792,0.802528956254
34650780,31.75,1,20,1.0,False,20,0.693173853252,0.136087057255,0.703547899583
34701616,120.6,1,30,1.6,False,30,0.608658841795,0.126468989596,0.665751925154
34706258,105.9,1,30,1.36666666667,False,30,0.627198521426,0.155474701551,0.699193003371
34727841,46.5,1,20,1.65,False,20,0.275593042232,0.48836609624,0.245849107699
34747155,439.0,1,2,1.0,False,2,0.84375,0.0136060761679,0.862027498431
34788729,142.058823529,1,34,1.67647058824,False,34,0.522125898286,0.197789607207,0.625829961125
34859044,158.2,1,10,1.2,False,10,0.474368686869,0.321606714612,0.479071030155
34915826,66.6333333333,1,30,1.13333333333,False,30,0.597859649123,0.22234835318,0.605952035276
34928865,101.9,1,20,1.0,False,20,0.464323125434,0.290558387702,0.422189963047
34942809,64.9677419355,1,31,1.0,False,31,0.512400894985,0.299309453766,0.573965115233
35061798,204.0,1,2,1.0,False,2,0.776041666667,0.0386016267379,0.851145296404
35103310,97.1666666667,1,6,1.0,False,6,0.491666666667,0.273002415886,0.569741826294
35118307,58.7,1,10,1.0,False,10,0.558650793651,0.373421632173,0.361111374968
35127109,98.6,1,5,1.0,False,5,0.565,0.383717950231,0.426822627764
35206299,211.0,1,1,1.0,False,1,0.714285714286,0.0421737147788,0.757303179204
35242242,80.875,1,16,1.125,False,16,0.624823919467,0.348210285191,0.472385679127
35308542,252.0,1,1,1.0,False,1,0.5,0.151125312373,0.460765305133
35320759,56.8,1,10,1.0,False,10,0.659043040293,0.220970530225,0.646891586437
35394287,24.1726804124,1,388,1.00773195876,False,388,0.403719611968,0.371517808664,0.413595209421
35407670,24.7096774194,1,62,1.0,False,62,0.308728616805,0.555639312729,0.208694638011
35443078,45.3333333333,1,12,1.66666666667,False,12,0.350328001392,0.339376729127,0.368199557581
35473724,70.2105263158,1,19,1.0,False,19,0.147663589245,0.777968922138,0.0669175309924
35496876,60.2790697674,1,215,1.44651162791,False,215,0.343524845331,0.416852261198,0.329049577455
35607359,30.6911764706,1,68,1.20588235294,False,68,0.558986423804,0.191443568069,0.613384768286
35730547,110.4,1,10,1.3,False,10,0.588555839002,0.142777352898,0.674031175444
35739727,484.666666667,1,3,2.66666666667,False,3,0.346428571429,0.5,0.278068339043
35751448,36.4857142857,1,35,1.6,False,35,0.498132797032,0.29838498959,0.493757928608
35774053,27.1666666667,1,6,1.0,False,6,0.671022727273,0.160691717038,0.708911543064
35788601,72.0,1,1,3.0,False,1,0.35119047619,0.18531183011,0.532107116926
35849301,97.7450980392,1,51,1.13725490196,False,51,0.542969000926,0.280819961126,0.510948475657
35868781,101.4,1,10,1.0,False,10,0.699685276409,0.21209000324,0.598742835174
35936381,15.9230769231,1,13,1.0,False,13,0.329530600119,0.625976677153,0.12375376994
36100207,90.25,1,4,1.0,False,4,0.432291666667,0.333003113119,0.405802880948
36120362,209.0,1,1,1.0,True,1,0.0,1.0,-0.0
36155226,34.3333333333,1,6,1.0,False,6,0.236111111111,0.697391235566,0.0686561997268
36159158,91.2,1,5,1.0,False,5,0.370588235294,0.531117882006,0.179010894931
36218728,66.5,1,10,1.0,False,10,0.608351521164,0.154543523635,0.68472954772
36240629,70.7058823529,1,17,1.0,False,17,0.604109307883,0.211607231206,0.642178869357
36261795,42.3088235294,1,68,1.16176470588,False,68,0.530206408239,0.216498884339,0.587918946571
36267735,25.4,1,10,1.0,False,10,0.471071428571,0.262559118222,0.687513327417
36304401,80.1590909091,1,44,1.18181818182,False,44,0.45970234844,0.314075012087,0.455555035744
36313199,36.9663865546,1,238,1.38655462185,False,238,0.553117418326,0.208603782579,0.611675573307
36340274,312.797153025,1,281,1.00711743772,False,281,0.496945362195,0.316190722238,0.450653748094
36350388,135.05,1,40,1.15,False,40,0.576876736372,0.207781645053,0.651727607242
36405459,72.5714285714,1,28,1.0,False,28,0.578326109425,0.355892273048,0.42973736048
36430872,38.1666666667,1,12,1.75,False,12,0.413761337868,0.367496996485,0.426301235317
36448777,42.4939759036,1,83,1.01204819277,False,83,0.502145302256,0.310335722075,0.486910298622
36468960,46.44,1,50,1.06,False,50,0.637051871662,0.189519679508,0.643495165292
36489962,52.709273183,1,399,1.0,False,399,0.519702018866,0.204240918866,0.637033726791
36500598,66.7,1,10,1.0,False,10,0.656637806638,0.0791476424376,0.758294872013
36501503,45.9047619048,1,168,1.5119047619,False,168,0.586227342928,0.187170939152,0.624468025435
36517633,37.9,1,10,1.0,False,10,0.397350230415,0.416479290521,0.301070510201
36518946,63.1818181818,1,11,1.18181818182,False,11,0.463194444444,0.285835168608,0.433625373057
36530035,72.0222222222,1,45,1.37777777778,False,45,0.5130582263,0.185763505704,0.647797265837
36559976,63.9,1,10,1.3,False,10,0.43787202381,0.269132034547,0.505869356341
36568312,38.7,1,10,1.0,False,10,0.61703042328,0.168453773394,0.724850647924
36600154,211.9,1,20,1.4,False,20,0.625731734774,0.132902634968,0.704106058691
36616997,168.5,1,4,2.0,False,4,0.427222222222,0.197601728228,0.656185788033
36678859,174.857142857,1,7,1.28571428571,False,7,0.630392156863,0.113762691655,0.784672778618
36686636,193.1,1,10,1.0,False,10,0.622777777778,0.237214184535,0.471793515408
36781223,44.8,1,10,1.0,False,10,0.558659297052,0.226813676767,0.543112305668
36781511,45.2777777778,1,18,1.61111111111,False,18,0.334779143898,0.330979750719,0.423659854613
36795545,73.5,1,60,1.31666666667,False,60,0.383527595505,0.419574105109,0.372424480607
36812057,84.85,1,20,1.6,False,20,0.500431089608,0.172048984561,0.62173855287
36826029,78.6086956522,1,368,1.08967391304,False,368,0.557666728788,0.202663454942,0.615353134289
36837746,68.7,1,10,1.2,False,10,0.349444444444,0.504639173265,0.215795814932
36851940,72.1232032854,1,487,1.05954825462,False,487,0.502240504613,0.266601948646,0.548603845213
36871506,197.0,1,12,1.08333333333,False,12,0.274241961742,0.526079001217,0.254937771028
36895228,82.0,1,1,1.0,True,1,0.0,1.0,-0.0
36909846,210.833333333,1,6,1.5,False,6,0.430658436214,0.328430159141,0.439864542348
36913780,99.1428571429,1,7,1.14285714286,False,7,0.532705026455,0.108847191506,0.693988020996
37011810,264.5,1,2,1.0,False,2,0.3125,0.537193321712,0.0965016403645
37012492,146.69,1,100,1.11,False,100,0.572827896449,0.217303521533,0.595992020193
37053183,79.0344827586,1,29,1.75862068966,False,29,0.508507495591,0.225670697342,0.612375878173
37060395,33.6052631579,1,190,1.13157894737,False,190,0.590100250022,0.170221900052,0.666212023115
37079883,21.2406015038,1,133,1.51879699248,False,133,0.5565490851,0.175213297499,0.645904218601
37094049,34.25,1,4,1.0,False,4,0.629310344828,0.260984121467,0.491832002922
37094596,123.811320755,1,53,1.03773584906,False,53,0.31843756693,0.494311286794,0.225116008899
37098004,101.666666667,1,57,1.80701754386,False,57,0.415575183586,0.359732109792,0.38233735421
37102649,39.0,1,3,1.0,False,3,0.746913580247,0.0303099884698,0.794462917737
37108400,95.2941176471,1,51,1.0,False,51,0.499988459512,0.299347054475,0.520576619033
37121659,74.0,1,8,1.0,False,8,0.376156462585,0.375948320259,0.386432947267
37145875,184.5,1,2,1.0,False,2,0.65625,0.0449035789523,0.672087047473
37206449,88.375,1,24,1.25,False,24,0.444676778445,0.3178601599,0.399281523411
37249532,115.575,1,40,1.1,False,40,0.369888713363,0.457985631426,0.251255283162
37258901,39.0,1,7,1.0,False,7,0.430555555556,0.430242514605,0.378241483853
37262070,33.5,1,2,1.0,False,2,0.384615384615,0.494381360127,0.143611906775
37264533,65.0,1,1,1.0,False,1,0.0714285714286,0.91723941114,0.00177465260332
37336603,60.5,1,10,1.0,False,10,0.483177437642,0.419328598245,0.262961765747
37368882,136.0,1,2,1.5,False,2,0.4765625,0.182025548545,0.604791908763
37378324,87.4615384615,1,13,1.0,False,13,0.428108465608,0.364551158942,0.486290325888
37388839,67.9,1,10,1.9,False,10,0.413944444444,0.329702684084,0.410159319246
37415218,548.0,1,1,1.0,False,1,0.357142857143,0.278312163513,0.300623473073
37444739,20.95,1,20,1.1,False,20,0.563527077498,0.205139072043,0.613188648504
37455907,186.5,1,2,1.0,False,2,0.733333333333,0.0354439262108,0.750834803676
37480948,42.8228571429,1,175,1.32571428571,False,175,0.44555857369,0.343228902297,0.423054928465
37488421,69.85,1,20,1.05,False,20,0.599016306859,0.161619768148,0.690727906457
37496830,58.7,1,10,1.3,False,10,0.65,0.156466772722,0.724133950697
37501225,53.4666666667,1,15,1.0,False,15,0.152079002079,0.759356125508,0.0340445281383
37559426,28.7105263158,1,152,1.40131578947,False,152,0.487786185107,0.268971298068,0.510948570053
37574526,33.36,1,50,1.14,False,50,0.398752488635,0.451109567898,0.271083361735
37604123,51.3666666667,1,30,1.16666666667,False,30,0.630094627595,0.188268758433,0.639749927792
37604477,33.9375,1,16,1.125,False,16,0.417701569264,0.330534273403,0.487760360465
37654450,52.55,1,20,1.15,False,20,0.421965433556,0.400298993843,0.35994149111
37657237,74.0,1,6,1.0,False,6,0.819047619048,0.0316051750295,0.854456597245
37678342,84.6352941176,1,85,1.50588235294,False,85,0.498105015816,0.241121748607,0.542345890562
37692662,52.4,1,5,1.0,False,5,0.661607142857,0.135285135164,0.688132689145
37710009,65.2,1,15,1.0,False,15,0.658982439129,0.201933157508,0.661360069539
37739447,88.0,1,2,1.0,False,2,0.411764705882,0.364372657885,0.310049206273
37740195,109.777777778,1,9,1.0,False,9,0.521304563492,0.330907910982,0.361167677078
37758476,66.7,1,10,1.1,False,10,0.513888888889,0.208119438088,0.582448312045
37766446,85.4708737864,1,206,1.74757281553,False,206,0.566393240483,0.177265091828,0.620214201082
37779726,75.6,1,10,1.0,False,10,0.387109575013,0.428262227622,0.343924997363
37781749,92.3,1,10,1.8,False,10,0.595556382275,0.364406276944,0.444497784615
37786853,89.0294117647,1,34,1.52941176471,False,34,0.43835729691,0.292142062619,0.487316710416
37796006,69.0,1,2,1.0,False,2,0.5625,0.244455606436,0.403570560898
37832891,48.5384615385,1,13,1.15384615385,False,13,0.472058080808,0.306547074522,0.48020316511
37862400,109.658385093,1,161,1.00621118012,False,161,0.525308233236,0.286984247619,0.502618749611
37881494,101.0,1,1,5.0,False,1,0.257142857143,0.296681801352,0.373447186492
37910219,130.5,1,10,1.6,False,10,0.492068783069,0.2216360649,0.610235997611
37968301,101.8,1,10,1.9,False,10,0.466706821618,0.254592871401,0.508223307065
37986344,34.6,1,5,1.0,False,5,0.207575757576,0.684784520512,0.0495047412622
38099600,140.875,1,8,1.0,False,8,0.582886904762,0.218871540877,0.50617283049
38119237,44.6774193548,1,31,1.45161290323,False,31,0.62554675263,0.200126167232,0.619948626187
38131046,117.55,1,20,1.05,False,20,0.358606217015,0.538493352332,0.253395391075
38137559,197.842105263,1,19,1.42105263158,False,19,0.50848210057,0.286993797093,0.501558204671
38158803,52.050209205,1,239,1.01255230126,False,239,0.455376775112,0.34067636196,0.39898085008
38170415,25.8181818182,1,66,1.01515151515,False,66,0.520239098568,0.217809820957,0.570274343134
38193581,17.9,1,10,1.0,False,10,0.430372807018,0.431194824324,0.281321678359
38198526,94.7826086957,1,23,1.0,False,23,0.575030787295,0.227587804633,0.599222360765
38212016,132.677419355,1,31,1.1935483871,False,31,0.490510089934,0.271505240305,0.532278767922
38227254,38.8181818182,1,110,1.11818181818,False,110,0.435467645275,0.345751122298,0.395526698651
38236043,97.064516129,1,31,1.0,False,31,0.548803735006,0.264194730208,0.515753358747
38344301,91.0,1,19,1.84210526316,False,19,0.491072574441,0.234546702695,0.56437122529
38352024,49.6,1,10,1.3,False,10,0.517969289165,0.223458536291,0.496920950189
38389710,165.5,1,2,2.0,False,2,0.237301587302,0.478154048164,0.303451705335
38416468,51.4358974359,1,273,1.42124542125,False,273,0.347361438173,0.426464682696,0.310748038727
38420658,15.8333333333,1,6,1.0,False,6,0.526111111111,0.272351974154,0.372757201762
38479796,42.8959537572,1,173,1.02312138728,False,173,0.41628366192,0.43631471157,0.335068297148
38554823,326.0,1,1,1.0,False,1,0.857142857143,0.0136060761679,0.88459189466
38578717,62.4,1,5,1.0,False,5,0.745061728395,0.0603100579664,0.819365292556
38618256,36.7727272727,1,22,1.0,False,22,0.630476065153,0.214422107603,0.600631899885
38637183,164.4,1,10,1.2,False,10,0.507502939447,0.248042761399,0.480209517429
38647352,53.4393939394,1,66,1.31818181818,False,66,0.474458605849,0.324770917216,0.451684807839
38660813,70.0,1,5,1.6,False,5,0.402046783626,0.386630162545,0.290919173152
38688954,47.6923076923,1,26,1.80769230769,False,26,0.476631484397,0.177686805732,0.577613690882
38721803,237.0,1,1,1.0,False,1,0.714285714286,0.0508420042475,0.672698730026
38733067,30.8461538462,1,26,1.53846153846,True,26,0.016751998002,0.953993508871,-0.00198701079128
38737952,45.3,1,10,1.0,False,10,0.522916666667,0.271170000409,0.56795300796
38737994,58.5,1,10,1.3,False,10,0.454604027991,0.317360647679,0.394975827586
38750295,21.9562043796,1,137,1.16058394161,False,137,0.431754136039,0.343965790856,0.430793603158
38770881,82.4941176471,1,85,1.23529411765,False,85,0.585347331829,0.21008765541,0.602487173534
38778987,48.8709677419,1,31,1.25806451613,False,31,0.49565341387,0.263967544592,0.574720904006
38804517,57.4,1,5,1.0,False,5,0.171774193548,0.702118526375,0.0950293853673
38832127,133.0,1,4,1.5,False,4,0.482828282828,0.26109557527,0.463086002109
38832652,63.0,1,10,1.4,False,10,0.560392898479,0.162710422921,0.631202984268
38846285,107.875,1,8,2.0,False,8,0.392222222222,0.342513502633,0.442655611631
38846365,108.0,1,76,1.01315789474,False,76,0.475091065493,0.305993987702,0.444116493593
38858102,85.0,1,13,1.46153846154,False,13,0.596369047619,0.15613203857,0.679192335424
38924192,131.428571429,1,7,1.0,False,7,0.32151675485,0.43621066416,0.32602735014
38934298,142.2,1,10,1.7,False,10,0.556240740741,0.249456880553,0.533070216143
38943773,120.6,1,10,2.0,False,10,0.326209677419,0.477213450657,0.259043761309
38971814,32.3649635036,1,137,5.34306569343,False,137,0.0575449056953,0.827361043769,0.0205439744036
38977407,104.2,1,10,1.6,False,10,0.379864417989,0.317406383801,0.438352507519
38989286,153.5,1,2,1.5,False,2,0.645833333333,0.0298827567455,0.766133693345
38992703,171.6,1,5,1.2,False,5,0.588194444444,0.138234442997,0.739549730718
39016270,65.8378378378,1,148,1.37162162162,False,148,0.492579093716,0.273857560112,0.52143986633
39017656,94.5825,1,400,1.0075,False,400,0.427325396409,0.360037404512,0.416550714019
39019026,46.7272727273,1,44,1.04545454545,False,44,0.602330592628,0.267489393797,0.541711668281
39034513,218.0,1,1,1.0,False,1,0.642857142857,0.0871290708247,0.551624699211
39060738,44.4166666667,1,48,1.125,False,48,0.517487216166,0.326609000322,0.462780407478
39061629,37.0666666667,1,15,1.0,False,15,0.504770648911,0.180361519596,0.584606795249
39063329,69.3333333333,1,3,4.0,False,3,0.346006944444,0.281649941513,0.417871642063
39064633,63.4,1,10,1.6,False,10,0.426515412928,0.356550407315,0.276397139208
39071827,26.2028469751,1,281,1.44128113879,False,281,0.51393334448,0.206886557658,0.618974668886
39092637,63.9,1,10,1.2,False,10,0.691771206691,0.121087126315,0.688988043249
39103891,15.0,1,2,4.0,False,2,0.442063492063,0.381811466226,0.403680705
39107980,63.2875,1,240,1.5375,False,240,0.319380243327,0.442097622599,0.29383771453
39109585,21.3260869565,1,92,1.39130434783,False,92,0.565596483292,0.193372169865,0.612152843468
39116277,76.0,1,1,1.0,False,1,0.571428571429,0.2,0.520798073397
39116490,66.3898916968,1,277,1.49458483755,False,277,0.31846172369,0.434260230379,0.313811839946
39123033,105.8,1,10,1.0,False,10,0.469097222222,0.304357757765,0.47790215348
39127504,68.5,1,10,1.4,False,10,0.552094356261,0.17854126969,0.661714653012
39127639,105.0,1,6,2.66666666667,False,6,0.283230452675,0.539945186495,0.262828830989
39134251,94.9,1,10,1.9,False,10,0.355033296844,0.409007655463,0.313909620401
39143986,98.8,1,10,1.3,False,10,0.378612479475,0.296430118071,0.431090925428
39144959,32.0,1,5,3.4,False,5,0.112673611111,0.836965038416,0.00463791884324
39151155,111.661904762,1,210,1.90952380952,False,210,0.508031449793,0.218101470346,0.564855543071
39151853,58.1228070175,1,57,1.50877192982,False,57,0.480187972802,0.230855134706,0.530235376976
39153339,121.571428571,1,7,2.28571428571,False,7,0.381167502089,0.47906851248,0.243239533244
39163333,41.4857142857,1,35,1.48571428571,False,35,0.475390462161,0.29586383345,0.51288866132
39179496,69.55,1,60,1.21666666667,False,60,0.526079152254,0.272947594375,0.56915876132
39188662,82.5,1,4,4.25,False,4,0.24775867137,0.630780097631,0.237729172369
39193836,30.1147540984,1,61,1.01639344262,False,61,0.552914716679,0.256263673437,0.594857677693
39196062,105.6,1,10,1.5,False,10,0.661203231293,0.0948125804062,0.795578671337
39201426,59.9285714286,1,154,1.46753246753,False,154,0.321046658772,0.444673685806,0.302663594426
39205799,81.1666666667,1,6,1.16666666667,False,6,0.631746031746,0.344596027623,0.498464361648
39215760,78.2,1,10,1.3,False,10,0.600152116402,0.225292803825,0.584288374985
39222861,85.0,1,1,1.0,False,1,0.809523809524,0.0467937523612,0.876930929151
39225759,85.7,1,10,1.8,False,10,0.323687423687,0.444992045931,0.298494240731
39226056,53.16,1,50,1.82,False,50,0.562722349634,0.170938223609,0.668523448747
39255324,85.6153846154,1,13,1.23076923077,False,13,0.546414053426,0.275268943534,0.460156253668
39258480,85.8571428571,1,7,2.28571428571,False,7,0.502323232323,0.162882639615,0.628323573385
39259142,230.0,1,14,1.21428571429,False,14,0.495836489899,0.236177437162,0.58905154824
39263214,282.4,1,5,1.0,False,5,0.129545454545,0.766486881385,0.0161883747258
39263239,381.5,1,4,1.0,True,4,0.0694444444444,0.960135728064,-0.00105924368018
39269480,55.05,1,20,1.2,False,20,0.243962375073,0.570856464196,0.152338120804
39273993,495.5,1,10,1.2,False,10,0.551737614238,0.174932076212,0.627732219586
39292444,77.1538461538,1,13,1.15384615385,False,13,0.443119047619,0.400937963157,0.278629877311
39293909,73.25,1,20,1.05,False,20,0.443573410472,0.309101713466,0.436428234416
39293921,72.7,1,10,1.2,False,10,0.587620027435,0.138436257746,0.720190445488
39294445,17.3333333333,1,3,3.33333333333,False,3,0.355034722222,0.523122701277,0.368538478072
39299719,156.8,1,10,1.3,False,10,0.691982167353,0.0735993745098,0.785276797726
39301476,120.633333333,1,30,1.03333333333,False,30,0.584416711108,0.215720891245,0.660723198521
39319590,110.0,1,1,1.0,False,1,0.142857142857,0.714285714286,0.0505722061708
39349570,630.0,1,1,1.0,False,1,0.142857142857,0.835601012695,0.0238141897392
39352052,296.0,1,1,2.0,False,1,0.0714285714286,0.839643254853,0.0123360632965
39361756,208.0,1,1,1.0,False,1,0.785714285714,0.0352361787623,0.818525285186
39363815,169.0,1,2,3.5,False,2,0.199074074074,0.561077560344,0.196758726272
39368400,98.35,1,20,1.0,False,20,0.570696581197,0.246881208486,0.579668778511
39394752,79.5,1,2,3.0,False,2,0.415,0.252257737168,0.612795410769
39395371,97.6,1,10,1.2,False,10,0.394775132275,0.413410093383,0.3158915378
39397789,111.75,1,4,1.5,False,4,0.337719298246,0.419900532429,0.458952696479
39399686,176.0,1,1,1.0,False,1,0.571428571429,0.0946425395748,0.727351159352
39433968,165.5,1,20,1.0,False,20,0.596542893381,0.29442662973,0.448737030668
39451560,66.6666666667,1,6,1.0,False,6,0.390471576227,0.512874700111,0.328667480975
39486575,67.8,1,10,1.0,False,10,0.592943688587,0.221740436021,0.553150528282
